pcode,province,pvalue,catid,groupid,year,,,,,,,,
2,Phongsaly,1635,1,1,2017,,,,catid,,,groupid,
3,Louangnamtha,0,1,1,2017,,,,1,coffee,,1,planted area (ha)
4,Oudomxai,420,1,1,2017,,,,2,cardamom,,2,harvested area (ha)
5,Bokeo,0,1,1,2017,,,,3,tea,,3,production (tonnes)
6,Louangprabang,2035,1,1,2017,,,,4,maize,,,
7,Houaphan,160,1,1,2017,,,,5,sweetcorn,,,
8,Xayaboury,0,1,1,2017,,,,6,soybean,,,
1,Vientiane Capital,0,1,1,2017,,,,7,mungbean,,,
9,Xiengkhouang,845,1,1,2017,,,,8,peanut,,,
10,Vienitiane,0,1,1,2017,,,,9,blackbean,,,
11,Borlikhamxay,0,1,1,2017,,,,10,tobacco,,,
12,Khammouane,0,1,1,2017,,,,11,cotton,,,
13,Savannakhet,0,1,1,2017,,,,12,sugarcane,,,
18,Xaisomboun,0,1,1,2017,,,,13,jobstear,,,
14,Saravan,21775,1,1,2017,,,,14,sesame,,,
15,Xekong,13370,1,1,2017,,,,15,cassava,,,
16,Champassak,51200,1,1,2017,,,,16,sweetpotato,,,
17,Attapue,1865,1,1,2017,,,,17,potato,,,
2,Phongsaly,14205,2,1,2017,,,,18,yambean,,,
3,Louangnamtha,0,2,1,2017,,,,19,taro,,,
4,Oudomxai,0,2,1,2017,,,,20,vegetables,,,
5,Bokeo,0,2,1,2017,,,,21,fruittrees,,,
6,Louangprabang,0,2,1,2017,,,,22,banana,,,
7,Houaphan,475,2,1,2017,,,,23,pineapple,,,
8,Xayaboury,0,2,1,2017,,,,24,papaya,,,
1,Vientiane Capital,0,2,1,2017,,,,25,watermelon,,,
9,Xiengkhouang,0,2,1,2017,,,,26,melon,,,
10,Vienitiane,0,2,1,2017,,,,27,lemon,,,
11,Borlikhamxay,0,2,1,2017,,,,28,Rainfed rice,,,
12,Khammouane,0,2,1,2017,,,,29,Dry-season rice,,,
13,Savannakhet,0,2,1,2017,,,,30,Upland rice,,,
18,Xaisomboun,0,2,1,2017,,,,,,,,
14,Saravan,1110,2,1,2017,,,,,,,,
15,Xekong,1330,2,1,2017,,,,,,,,
16,Champassak,3280,2,1,2017,,,,,,,,
17,Attapue,1232,2,1,2017,,,,,,,,
2,Phongsaly,2370,3,1,2017,,,,,,,,
3,Louangnamtha,30,3,1,2017,,,,,,,,
4,Oudomxai,60,3,1,2017,,,,,,,,
5,Bokeo,0,3,1,2017,,,,,,,,
6,Louangprabang,785,3,1,2017,,,,,,,,
7,Houaphan,160,3,1,2017,,,,,,,,
8,Xayaboury,0,3,1,2017,,,,,,,,
1,Vientiane Capital,0,3,1,2017,,,,,,,,
9,Xiengkhouang,290,3,1,2017,,,,,,,,
10,Vienitiane,0,3,1,2017,,,,,,,,
11,Borlikhamxay,0,3,1,2017,,,,,,,,
12,Khammouane,0,3,1,2017,,,,,,,,
13,Savannakhet,0,3,1,2017,,,,,,,,
18,Xaisomboun,0,3,1,2017,,,,,,,,
14,Saravan,0,3,1,2017,,,,,,,,
15,Xekong,0,3,1,2017,,,,,,,,
16,Champassak,460,3,1,2017,,,,,,,,
17,Attapue,0,3,1,2017,,,,,,,,
2,Phongsaly,4565,4,1,2017,,,,,,,,
3,Louangnamtha,1440,4,1,2017,,,,,,,,
4,Oudomxai,53450,4,1,2017,,,,,,,,
5,Bokeo,1550,4,1,2017,,,,,,,,
6,Louangprabang,10340,4,1,2017,,,,,,,,
7,Houaphan,9140,4,1,2017,,,,,,,,
8,Xayaboury,60395,4,1,2017,,,,,,,,
1,Vientiane Capital,1000,4,1,2017,,,,,,,,
9,Xiengkhouang,20880,4,1,2017,,,,,,,,
10,Vienitiane,6070,4,1,2017,,,,,,,,
11,Borlikhamxay,1560,4,1,2017,,,,,,,,
12,Khammouane,5,4,1,2017,,,,,,,,
13,Savannakhet,0,4,1,2017,,,,,,,,
18,Xaisomboun,535,4,1,2017,,,,,,,,
14,Saravan,2170,4,1,2017,,,,,,,,
15,Xekong,1170,4,1,2017,,,,,,,,
16,Champassak,1450,4,1,2017,,,,,,,,
17,Attapue,410,4,1,2017,,,,,,,,
2,Phongsaly,3000,5,1,2017,,,,,,,,
3,Louangnamtha,350,5,1,2017,,,,,,,,
4,Oudomxai,2870,5,1,2017,,,,,,,,
5,Bokeo,45,5,1,2017,,,,,,,,
6,Louangprabang,3040,5,1,2017,,,,,,,,
7,Houaphan,600,5,1,2017,,,,,,,,
8,Xayaboury,1250,5,1,2017,,,,,,,,
1,Vientiane Capital,755,5,1,2017,,,,,,,,
9,Xiengkhouang,325,5,1,2017,,,,,,,,
10,Vienitiane,3525,5,1,2017,,,,,,,,
11,Borlikhamxay,1280,5,1,2017,,,,,,,,
12,Khammouane,1675,5,1,2017,,,,,,,,
13,Savannakhet,4730,5,1,2017,,,,,,,,
18,Xaisomboun,155,5,1,2017,,,,,,,,
14,Saravan,1655,5,1,2017,,,,,,,,
15,Xekong,1130,5,1,2017,,,,,,,,
16,Champassak,4155,5,1,2017,,,,,,,,
17,Attapue,520,5,1,2017,,,,,,,,
2,Phongsaly,230,6,1,2017,,,,,,,,
3,Louangnamtha,60,6,1,2017,,,,,,,,
4,Oudomxai,1065,6,1,2017,,,,,,,,
5,Bokeo,185,6,1,2017,,,,,,,,
6,Louangprabang,350,6,1,2017,,,,,,,,
7,Houaphan,490,6,1,2017,,,,,,,,
8,Xayaboury,75,6,1,2017,,,,,,,,
1,Vientiane Capital,0,6,1,2017,,,,,,,,
9,Xiengkhouang,180,6,1,2017,,,,,,,,
10,Vienitiane,5,6,1,2017,,,,,,,,
11,Borlikhamxay,15,6,1,2017,,,,,,,,
12,Khammouane,0,6,1,2017,,,,,,,,
13,Savannakhet,0,6,1,2017,,,,,,,,
18,Xaisomboun,50,6,1,2017,,,,,,,,
14,Saravan,95,6,1,2017,,,,,,,,
15,Xekong,5,6,1,2017,,,,,,,,
16,Champassak,1450,6,1,2017,,,,,,,,
17,Attapue,0,6,1,2017,,,,,,,,
2,Phongsaly,70,7,1,2017,,,,,,,,
3,Louangnamtha,35,7,1,2017,,,,,,,,
4,Oudomxai,0,7,1,2017,,,,,,,,
5,Bokeo,260,7,1,2017,,,,,,,,
6,Louangprabang,0,7,1,2017,,,,,,,,
7,Houaphan,0,7,1,2017,,,,,,,,
8,Xayaboury,310,7,1,2017,,,,,,,,
1,Vientiane Capital,275,7,1,2017,,,,,,,,
9,Xiengkhouang,45,7,1,2017,,,,,,,,
10,Vienitiane,360,7,1,2017,,,,,,,,
11,Borlikhamxay,50,7,1,2017,,,,,,,,
12,Khammouane,0,7,1,2017,,,,,,,,
13,Savannakhet,0,7,1,2017,,,,,,,,
18,Xaisomboun,0,7,1,2017,,,,,,,,
14,Saravan,0,7,1,2017,,,,,,,,
15,Xekong,5,7,1,2017,,,,,,,,
16,Champassak,725,7,1,2017,,,,,,,,
17,Attapue,25,7,1,2017,,,,,,,,
2,Phongsaly,1360,8,1,2017,,,,,,,,
3,Louangnamtha,145,8,1,2017,,,,,,,,
4,Oudomxai,1520,8,1,2017,,,,,,,,
5,Bokeo,415,8,1,2017,,,,,,,,
6,Louangprabang,1050,8,1,2017,,,,,,,,
7,Houaphan,335,8,1,2017,,,,,,,,
8,Xayaboury,4440,8,1,2017,,,,,,,,
1,Vientiane Capital,155,8,1,2017,,,,,,,,
9,Xiengkhouang,405,8,1,2017,,,,,,,,
10,Vienitiane,1165,8,1,2017,,,,,,,,
11,Borlikhamxay,1205,8,1,2017,,,,,,,,
12,Khammouane,240,8,1,2017,,,,,,,,
13,Savannakhet,1820,8,1,2017,,,,,,,,
18,Xaisomboun,35,8,1,2017,,,,,,,,
14,Saravan,1070,8,1,2017,,,,,,,,
15,Xekong,645,8,1,2017,,,,,,,,
16,Champassak,2855,8,1,2017,,,,,,,,
17,Attapue,30,8,1,2017,,,,,,,,
2,Phongsaly,0,9,1,2017,,,,,,,,
3,Louangnamtha,15,9,1,2017,,,,,,,,
4,Oudomxai,0,9,1,2017,,,,,,,,
5,Bokeo,0,9,1,2017,,,,,,,,
6,Louangprabang,155,9,1,2017,,,,,,,,
7,Houaphan,0,9,1,2017,,,,,,,,
8,Xayaboury,1440,9,1,2017,,,,,,,,
1,Vientiane Capital,10,9,1,2017,,,,,,,,
9,Xiengkhouang,0,9,1,2017,,,,,,,,
10,Vienitiane,15,9,1,2017,,,,,,,,
11,Borlikhamxay,10,9,1,2017,,,,,,,,
12,Khammouane,0,9,1,2017,,,,,,,,
13,Savannakhet,0,9,1,2017,,,,,,,,
18,Xaisomboun,0,9,1,2017,,,,,,,,
14,Saravan,0,9,1,2017,,,,,,,,
15,Xekong,0,9,1,2017,,,,,,,,
16,Champassak,485,9,1,2017,,,,,,,,
17,Attapue,0,9,1,2017,,,,,,,,
2,Phongsaly,0,10,1,2017,,,,,,,,
3,Louangnamtha,55,10,1,2017,,,,,,,,
4,Oudomxai,310,10,1,2017,,,,,,,,
5,Bokeo,10,10,1,2017,,,,,,,,
6,Louangprabang,285,10,1,2017,,,,,,,,
7,Houaphan,40,10,1,2017,,,,,,,,
8,Xayaboury,350,10,1,2017,,,,,,,,
1,Vientiane Capital,105,10,1,2017,,,,,,,,
9,Xiengkhouang,150,10,1,2017,,,,,,,,
10,Vienitiane,335,10,1,2017,,,,,,,,
11,Borlikhamxay,670,10,1,2017,,,,,,,,
12,Khammouane,720,10,1,2017,,,,,,,,
13,Savannakhet,1225,10,1,2017,,,,,,,,
18,Xaisomboun,0,10,1,2017,,,,,,,,
14,Saravan,80,10,1,2017,,,,,,,,
15,Xekong,110,10,1,2017,,,,,,,,
16,Champassak,105,10,1,2017,,,,,,,,
17,Attapue,30,10,1,2017,,,,,,,,
2,Phongsaly,55,11,1,2017,,,,,,,,
3,Louangnamtha,40,11,1,2017,,,,,,,,
4,Oudomxai,115,11,1,2017,,,,,,,,
5,Bokeo,0,11,1,2017,,,,,,,,
6,Louangprabang,65,11,1,2017,,,,,,,,
7,Houaphan,150,11,1,2017,,,,,,,,
8,Xayaboury,285,11,1,2017,,,,,,,,
1,Vientiane Capital,0,11,1,2017,,,,,,,,
9,Xiengkhouang,0,11,1,2017,,,,,,,,
10,Vienitiane,0,11,1,2017,,,,,,,,
11,Borlikhamxay,0,11,1,2017,,,,,,,,
12,Khammouane,5,11,1,2017,,,,,,,,
13,Savannakhet,710,11,1,2017,,,,,,,,
18,Xaisomboun,0,11,1,2017,,,,,,,,
14,Saravan,380,11,1,2017,,,,,,,,
15,Xekong,35,11,1,2017,,,,,,,,
16,Champassak,5,11,1,2017,,,,,,,,
17,Attapue,0,11,1,2017,,,,,,,,
2,Phongsaly,1425,12,1,2017,,,,,,,,
3,Louangnamtha,3095,12,1,2017,,,,,,,,
4,Oudomxai,480,12,1,2017,,,,,,,,
5,Bokeo,0,12,1,2017,,,,,,,,
6,Louangprabang,445,12,1,2017,,,,,,,,
7,Houaphan,195,12,1,2017,,,,,,,,
8,Xayaboury,145,12,1,2017,,,,,,,,
1,Vientiane Capital,275,12,1,2017,,,,,,,,
9,Xiengkhouang,80,12,1,2017,,,,,,,,
10,Vienitiane,160,12,1,2017,,,,,,,,
11,Borlikhamxay,760,12,1,2017,,,,,,,,
12,Khammouane,570,12,1,2017,,,,,,,,
13,Savannakhet,15695,12,1,2017,,,,,,,,
18,Xaisomboun,50,12,1,2017,,,,,,,,
14,Saravan,70,12,1,2017,,,,,,,,
15,Xekong,215,12,1,2017,,,,,,,,
16,Champassak,515,12,1,2017,,,,,,,,
17,Attapue,5350,12,1,2017,,,,,,,,
2,Phongsaly,275,13,1,2017,,,,,,,,
3,Louangnamtha,190,13,1,2017,,,,,,,,
4,Oudomxai,7160,13,1,2017,,,,,,,,
5,Bokeo,3180,13,1,2017,,,,,,,,
6,Louangprabang,13495,13,1,2017,,,,,,,,
7,Houaphan,825,13,1,2017,,,,,,,,
8,Xayaboury,35980,13,1,2017,,,,,,,,
1,Vientiane Capital,210,13,1,2017,,,,,,,,
9,Xiengkhouang,0,13,1,2017,,,,,,,,
10,Vienitiane,15370,13,1,2017,,,,,,,,
11,Borlikhamxay,5,13,1,2017,,,,,,,,
12,Khammouane,20,13,1,2017,,,,,,,,
13,Savannakhet,0,13,1,2017,,,,,,,,
18,Xaisomboun,10,13,1,2017,,,,,,,,
14,Saravan,0,13,1,2017,,,,,,,,
15,Xekong,40,13,1,2017,,,,,,,,
16,Champassak,0,13,1,2017,,,,,,,,
17,Attapue,0,13,1,2017,,,,,,,,
2,Phongsaly,1280,14,1,2017,,,,,,,,
3,Louangnamtha,170,14,1,2017,,,,,,,,
4,Oudomxai,4385,14,1,2017,,,,,,,,
5,Bokeo,440,14,1,2017,,,,,,,,
6,Louangprabang,3985,14,1,2017,,,,,,,,
7,Houaphan,55,14,1,2017,,,,,,,,
8,Xayaboury,2505,14,1,2017,,,,,,,,
1,Vientiane Capital,0,14,1,2017,,,,,,,,
9,Xiengkhouang,80,14,1,2017,,,,,,,,
10,Vienitiane,30,14,1,2017,,,,,,,,
11,Borlikhamxay,35,14,1,2017,,,,,,,,
12,Khammouane,15,14,1,2017,,,,,,,,
13,Savannakhet,0,14,1,2017,,,,,,,,
18,Xaisomboun,5,14,1,2017,,,,,,,,
14,Saravan,0,14,1,2017,,,,,,,,
15,Xekong,40,14,1,2017,,,,,,,,
16,Champassak,0,14,1,2017,,,,,,,,
17,Attapue,15,14,1,2017,,,,,,,,
2,Phongsaly,535,15,1,2017,,,,,,,,
3,Louangnamtha,1570,15,1,2017,,,,,,,,
4,Oudomxai,0,15,1,2017,,,,,,,,
5,Bokeo,0,15,1,2017,,,,,,,,
6,Louangprabang,2215,15,1,2017,,,,,,,,
7,Houaphan,1380,15,1,2017,,,,,,,,
8,Xayaboury,15120,15,1,2017,,,,,,,,
1,Vientiane Capital,1215,15,1,2017,,,,,,,,
9,Xiengkhouang,1140,15,1,2017,,,,,,,,
10,Vienitiane,5250,15,1,2017,,,,,,,,
11,Borlikhamxay,7770,15,1,2017,,,,,,,,
12,Khammouane,1780,15,1,2017,,,,,,,,
13,Savannakhet,2815,15,1,2017,,,,,,,,
18,Xaisomboun,545,15,1,2017,,,,,,,,
14,Saravan,16020,15,1,2017,,,,,,,,
15,Xekong,2125,15,1,2017,,,,,,,,
16,Champassak,10585,15,1,2017,,,,,,,,
17,Attapue,865,15,1,2017,,,,,,,,
2,Phongsaly,495,16,1,2017,,,,,,,,
3,Louangnamtha,135,16,1,2017,,,,,,,,
4,Oudomxai,310,16,1,2017,,,,,,,,
5,Bokeo,0,16,1,2017,,,,,,,,
6,Louangprabang,95,16,1,2017,,,,,,,,
7,Houaphan,130,16,1,2017,,,,,,,,
8,Xayaboury,110,16,1,2017,,,,,,,,
1,Vientiane Capital,20,16,1,2017,,,,,,,,
9,Xiengkhouang,75,16,1,2017,,,,,,,,
10,Vienitiane,280,16,1,2017,,,,,,,,
11,Borlikhamxay,395,16,1,2017,,,,,,,,
12,Khammouane,295,16,1,2017,,,,,,,,
13,Savannakhet,640,16,1,2017,,,,,,,,
18,Xaisomboun,20,16,1,2017,,,,,,,,
14,Saravan,875,16,1,2017,,,,,,,,
15,Xekong,85,16,1,2017,,,,,,,,
16,Champassak,1925,16,1,2017,,,,,,,,
17,Attapue,0,16,1,2017,,,,,,,,
2,Phongsaly,15,17,1,2017,,,,,,,,
3,Louangnamtha,0,17,1,2017,,,,,,,,
4,Oudomxai,0,17,1,2017,,,,,,,,
5,Bokeo,0,17,1,2017,,,,,,,,
6,Louangprabang,0,17,1,2017,,,,,,,,
7,Houaphan,0,17,1,2017,,,,,,,,
8,Xayaboury,0,17,1,2017,,,,,,,,
1,Vientiane Capital,0,17,1,2017,,,,,,,,
9,Xiengkhouang,0,17,1,2017,,,,,,,,
10,Vienitiane,0,17,1,2017,,,,,,,,
11,Borlikhamxay,0,17,1,2017,,,,,,,,
12,Khammouane,0,17,1,2017,,,,,,,,
13,Savannakhet,0,17,1,2017,,,,,,,,
18,Xaisomboun,0,17,1,2017,,,,,,,,
14,Saravan,0,17,1,2017,,,,,,,,
15,Xekong,0,17,1,2017,,,,,,,,
16,Champassak,55,17,1,2017,,,,,,,,
17,Attapue,0,17,1,2017,,,,,,,,
2,Phongsaly,0,18,1,2017,,,,,,,,
3,Louangnamtha,60,18,1,2017,,,,,,,,
4,Oudomxai,325,18,1,2017,,,,,,,,
5,Bokeo,0,18,1,2017,,,,,,,,
6,Louangprabang,40,18,1,2017,,,,,,,,
7,Houaphan,0,18,1,2017,,,,,,,,
8,Xayaboury,30,18,1,2017,,,,,,,,
1,Vientiane Capital,140,18,1,2017,,,,,,,,
9,Xiengkhouang,0,18,1,2017,,,,,,,,
10,Vienitiane,215,18,1,2017,,,,,,,,
11,Borlikhamxay,200,18,1,2017,,,,,,,,
12,Khammouane,130,18,1,2017,,,,,,,,
13,Savannakhet,290,18,1,2017,,,,,,,,
18,Xaisomboun,5,18,1,2017,,,,,,,,
14,Saravan,0,18,1,2017,,,,,,,,
15,Xekong,0,18,1,2017,,,,,,,,
16,Champassak,0,18,1,2017,,,,,,,,
17,Attapue,0,18,1,2017,,,,,,,,
2,Phongsaly,600,19,1,2017,,,,,,,,
3,Louangnamtha,175,19,1,2017,,,,,,,,
4,Oudomxai,1310,19,1,2017,,,,,,,,
5,Bokeo,185,19,1,2017,,,,,,,,
6,Louangprabang,825,19,1,2017,,,,,,,,
7,Houaphan,250,19,1,2017,,,,,,,,
8,Xayaboury,700,19,1,2017,,,,,,,,
1,Vientiane Capital,330,19,1,2017,,,,,,,,
9,Xiengkhouang,485,19,1,2017,,,,,,,,
10,Vienitiane,650,19,1,2017,,,,,,,,
11,Borlikhamxay,340,19,1,2017,,,,,,,,
12,Khammouane,110,19,1,2017,,,,,,,,
13,Savannakhet,3170,19,1,2017,,,,,,,,
18,Xaisomboun,10,19,1,2017,,,,,,,,
14,Saravan,0,19,1,2017,,,,,,,,
15,Xekong,520,19,1,2017,,,,,,,,
16,Champassak,2370,19,1,2017,,,,,,,,
17,Attapue,50,19,1,2017,,,,,,,,
2,Phongsaly,6230,20,1,2017,,,,,,,,
3,Louangnamtha,2255,20,1,2017,,,,,,,,
4,Oudomxai,10725,20,1,2017,,,,,,,,
5,Bokeo,995,20,1,2017,,,,,,,,
6,Louangprabang,9870,20,1,2017,,,,,,,,
7,Houaphan,4850,20,1,2017,,,,,,,,
8,Xayaboury,15555,20,1,2017,,,,,,,,
1,Vientiane Capital,9285,20,1,2017,,,,,,,,
9,Xiengkhouang,4005,20,1,2017,,,,,,,,
10,Vienitiane,15410,20,1,2017,,,,,,,,
11,Borlikhamxay,8050,20,1,2017,,,,,,,,
12,Khammouane,7060,20,1,2017,,,,,,,,
13,Savannakhet,19255,20,1,2017,,,,,,,,
18,Xaisomboun,890,20,1,2017,,,,,,,,
14,Saravan,10180,20,1,2017,,,,,,,,
15,Xekong,6195,20,1,2017,,,,,,,,
16,Champassak,38855,20,1,2017,,,,,,,,
17,Attapue,485,20,1,2017,,,,,,,,
2,Phongsaly,420,21,1,2017,,,,,,,,
3,Louangnamtha,540,21,1,2017,,,,,,,,
4,Oudomxai,500,21,1,2017,,,,,,,,
5,Bokeo,695,21,1,2017,,,,,,,,
6,Louangprabang,1985,21,1,2017,,,,,,,,
7,Houaphan,1310,21,1,2017,,,,,,,,
8,Xayaboury,0,21,1,2017,,,,,,,,
1,Vientiane Capital,220,21,1,2017,,,,,,,,
9,Xiengkhouang,895,21,1,2017,,,,,,,,
10,Vienitiane,0,21,1,2017,,,,,,,,
11,Borlikhamxay,30,21,1,2017,,,,,,,,
12,Khammouane,240,21,1,2017,,,,,,,,
13,Savannakhet,270,21,1,2017,,,,,,,,
18,Xaisomboun,285,21,1,2017,,,,,,,,
14,Saravan,27625,21,1,2017,,,,,,,,
15,Xekong,120,21,1,2017,,,,,,,,
16,Champassak,0,21,1,2017,,,,,,,,
17,Attapue,4665,21,1,2017,,,,,,,,
2,Phongsaly,855,22,1,2017,,,,,,,,
3,Louangnamtha,2785,22,1,2017,,,,,,,,
4,Oudomxai,6355,22,1,2017,,,,,,,,
5,Bokeo,3335,22,1,2017,,,,,,,,
6,Louangprabang,2600,22,1,2017,,,,,,,,
7,Houaphan,290,22,1,2017,,,,,,,,
8,Xayaboury,15,22,1,2017,,,,,,,,
1,Vientiane Capital,345,22,1,2017,,,,,,,,
9,Xiengkhouang,440,22,1,2017,,,,,,,,
10,Vienitiane,645,22,1,2017,,,,,,,,
11,Borlikhamxay,715,22,1,2017,,,,,,,,
12,Khammouane,435,22,1,2017,,,,,,,,
13,Savannakhet,1115,22,1,2017,,,,,,,,
18,Xaisomboun,110,22,1,2017,,,,,,,,
14,Saravan,895,22,1,2017,,,,,,,,
15,Xekong,820,22,1,2017,,,,,,,,
16,Champassak,0,22,1,2017,,,,,,,,
17,Attapue,850,22,1,2017,,,,,,,,
2,Phongsaly,180,23,1,2017,,,,,,,,
3,Louangnamtha,130,23,1,2017,,,,,,,,
4,Oudomxai,0,23,1,2017,,,,,,,,
5,Bokeo,0,23,1,2017,,,,,,,,
6,Louangprabang,570,23,1,2017,,,,,,,,
7,Houaphan,140,23,1,2017,,,,,,,,
8,Xayaboury,175,23,1,2017,,,,,,,,
1,Vientiane Capital,5,23,1,2017,,,,,,,,
9,Xiengkhouang,70,23,1,2017,,,,,,,,
10,Vienitiane,85,23,1,2017,,,,,,,,
11,Borlikhamxay,600,23,1,2017,,,,,,,,
12,Khammouane,55,23,1,2017,,,,,,,,
13,Savannakhet,340,23,1,2017,,,,,,,,
18,Xaisomboun,140,23,1,2017,,,,,,,,
14,Saravan,10,23,1,2017,,,,,,,,
15,Xekong,150,23,1,2017,,,,,,,,
16,Champassak,0,23,1,2017,,,,,,,,
17,Attapue,30,23,1,2017,,,,,,,,
2,Phongsaly,0,24,1,2017,,,,,,,,
3,Louangnamtha,70,24,1,2017,,,,,,,,
4,Oudomxai,55,24,1,2017,,,,,,,,
5,Bokeo,0,24,1,2017,,,,,,,,
6,Louangprabang,420,24,1,2017,,,,,,,,
7,Houaphan,35,24,1,2017,,,,,,,,
8,Xayaboury,0,24,1,2017,,,,,,,,
1,Vientiane Capital,125,24,1,2017,,,,,,,,
9,Xiengkhouang,40,24,1,2017,,,,,,,,
10,Vienitiane,445,24,1,2017,,,,,,,,
11,Borlikhamxay,255,24,1,2017,,,,,,,,
12,Khammouane,215,24,1,2017,,,,,,,,
13,Savannakhet,380,24,1,2017,,,,,,,,
18,Xaisomboun,0,24,1,2017,,,,,,,,
14,Saravan,0,24,1,2017,,,,,,,,
15,Xekong,45,24,1,2017,,,,,,,,
16,Champassak,0,24,1,2017,,,,,,,,
17,Attapue,0,24,1,2017,,,,,,,,
2,Phongsaly,15,25,1,2017,,,,,,,,
3,Louangnamtha,575,25,1,2017,,,,,,,,
4,Oudomxai,245,25,1,2017,,,,,,,,
5,Bokeo,400,25,1,2017,,,,,,,,
6,Louangprabang,215,25,1,2017,,,,,,,,
7,Houaphan,135,25,1,2017,,,,,,,,
8,Xayaboury,830,25,1,2017,,,,,,,,
1,Vientiane Capital,395,25,1,2017,,,,,,,,
9,Xiengkhouang,255,25,1,2017,,,,,,,,
10,Vienitiane,485,25,1,2017,,,,,,,,
11,Borlikhamxay,275,25,1,2017,,,,,,,,
12,Khammouane,380,25,1,2017,,,,,,,,
13,Savannakhet,1885,25,1,2017,,,,,,,,
18,Xaisomboun,20,25,1,2017,,,,,,,,
14,Saravan,170,25,1,2017,,,,,,,,
15,Xekong,50,25,1,2017,,,,,,,,
16,Champassak,640,25,1,2017,,,,,,,,
17,Attapue,50,25,1,2017,,,,,,,,
2,Phongsaly,0,26,1,2017,,,,,,,,
3,Louangnamtha,0,26,1,2017,,,,,,,,
4,Oudomxai,0,26,1,2017,,,,,,,,
5,Bokeo,0,26,1,2017,,,,,,,,
6,Louangprabang,285,26,1,2017,,,,,,,,
7,Houaphan,80,26,1,2017,,,,,,,,
8,Xayaboury,0,26,1,2017,,,,,,,,
1,Vientiane Capital,385,26,1,2017,,,,,,,,
9,Xiengkhouang,100,26,1,2017,,,,,,,,
10,Vienitiane,0,26,1,2017,,,,,,,,
11,Borlikhamxay,0,26,1,2017,,,,,,,,
12,Khammouane,100,26,1,2017,,,,,,,,
13,Savannakhet,0,26,1,2017,,,,,,,,
18,Xaisomboun,55,26,1,2017,,,,,,,,
14,Saravan,300,26,1,2017,,,,,,,,
15,Xekong,70,26,1,2017,,,,,,,,
16,Champassak,0,26,1,2017,,,,,,,,
17,Attapue,0,26,1,2017,,,,,,,,
2,Phongsaly,85,27,1,2017,,,,,,,,
3,Louangnamtha,35,27,1,2017,,,,,,,,
4,Oudomxai,95,27,1,2017,,,,,,,,
5,Bokeo,0,27,1,2017,,,,,,,,
6,Louangprabang,390,27,1,2017,,,,,,,,
7,Houaphan,0,27,1,2017,,,,,,,,
8,Xayaboury,0,27,1,2017,,,,,,,,
1,Vientiane Capital,90,27,1,2017,,,,,,,,
9,Xiengkhouang,0,27,1,2017,,,,,,,,
10,Vienitiane,0,27,1,2017,,,,,,,,
11,Borlikhamxay,0,27,1,2017,,,,,,,,
12,Khammouane,0,27,1,2017,,,,,,,,
13,Savannakhet,0,27,1,2017,,,,,,,,
18,Xaisomboun,10,27,1,2017,,,,,,,,
14,Saravan,0,27,1,2017,,,,,,,,
15,Xekong,0,27,1,2017,,,,,,,,
16,Champassak,0,27,1,2017,,,,,,,,
17,Attapue,0,27,1,2017,,,,,,,,
2,Phongsaly,1035,1,2,2017,,,,,,,,
3,Louangnamtha,0,1,2,2017,,,,,,,,
4,Oudomxai,420,1,2,2017,,,,,,,,
5,Bokeo,0,1,2,2017,,,,,,,,
6,Louangprabang,1535,1,2,2017,,,,,,,,
7,Houaphan,160,1,2,2017,,,,,,,,
8,Xayaboury,0,1,2,2017,,,,,,,,
1,Vientiane Capital,0,1,2,2017,,,,,,,,
9,Xiengkhouang,370,1,2,2017,,,,,,,,
10,Vienitiane,0,1,2,2017,,,,,,,,
11,Borlikhamxay,0,1,2,2017,,,,,,,,
12,Khammouane,0,1,2,2017,,,,,,,,
13,Savannakhet,0,1,2,2017,,,,,,,,
18,Xaisomboun,0,1,2,2017,,,,,,,,
14,Saravan,18945,1,2,2017,,,,,,,,
15,Xekong,11365,1,2,2017,,,,,,,,
16,Champassak,45730,1,2,2017,,,,,,,,
17,Attapue,1330,1,2,2017,,,,,,,,
2,Phongsaly,8685,2,2,2017,,,,,,,,
3,Louangnamtha,0,2,2,2017,,,,,,,,
4,Oudomxai,0,2,2,2017,,,,,,,,
5,Bokeo,0,2,2,2017,,,,,,,,
6,Louangprabang,0,2,2,2017,,,,,,,,
7,Houaphan,475,2,2,2017,,,,,,,,
8,Xayaboury,0,2,2,2017,,,,,,,,
1,Vientiane Capital,0,2,2,2017,,,,,,,,
9,Xiengkhouang,0,2,2,2017,,,,,,,,
10,Vienitiane,0,2,2,2017,,,,,,,,
11,Borlikhamxay,0,2,2,2017,,,,,,,,
12,Khammouane,0,2,2,2017,,,,,,,,
13,Savannakhet,0,2,2,2017,,,,,,,,
18,Xaisomboun,0,2,2,2017,,,,,,,,
14,Saravan,1065,2,2,2017,,,,,,,,
15,Xekong,1050,2,2,2017,,,,,,,,
16,Champassak,3280,2,2,2017,,,,,,,,
17,Attapue,700,2,2,2017,,,,,,,,
2,Phongsaly,2205,3,2,2017,,,,,,,,
3,Louangnamtha,30,3,2,2017,,,,,,,,
4,Oudomxai,60,3,2,2017,,,,,,,,
5,Bokeo,0,3,2,2017,,,,,,,,
6,Louangprabang,785,3,2,2017,,,,,,,,
7,Houaphan,160,3,2,2017,,,,,,,,
8,Xayaboury,0,3,2,2017,,,,,,,,
1,Vientiane Capital,0,3,2,2017,,,,,,,,
9,Xiengkhouang,290,3,2,2017,,,,,,,,
10,Vienitiane,0,3,2,2017,,,,,,,,
11,Borlikhamxay,0,3,2,2017,,,,,,,,
12,Khammouane,0,3,2,2017,,,,,,,,
13,Savannakhet,0,3,2,2017,,,,,,,,
18,Xaisomboun,0,3,2,2017,,,,,,,,
14,Saravan,0,3,2,2017,,,,,,,,
15,Xekong,0,3,2,2017,,,,,,,,
16,Champassak,460,3,2,2017,,,,,,,,
17,Attapue,0,3,2,2017,,,,,,,,
2,Phongsaly,4565,4,2,2017,,,,,,,,
3,Louangnamtha,1440,4,2,2017,,,,,,,,
4,Oudomxai,53450,4,2,2017,,,,,,,,
5,Bokeo,1550,4,2,2017,,,,,,,,
6,Louangprabang,10340,4,2,2017,,,,,,,,
7,Houaphan,9140,4,2,2017,,,,,,,,
8,Xayaboury,60395,4,2,2017,,,,,,,,
1,Vientiane Capital,1000,4,2,2017,,,,,,,,
9,Xiengkhouang,20880,4,2,2017,,,,,,,,
10,Vienitiane,6070,4,2,2017,,,,,,,,
11,Borlikhamxay,1560,4,2,2017,,,,,,,,
12,Khammouane,5,4,2,2017,,,,,,,,
13,Savannakhet,0,4,2,2017,,,,,,,,
18,Xaisomboun,535,4,2,2017,,,,,,,,
14,Saravan,2170,4,2,2017,,,,,,,,
15,Xekong,1170,4,2,2017,,,,,,,,
16,Champassak,1450,4,2,2017,,,,,,,,
17,Attapue,410,4,2,2017,,,,,,,,
2,Phongsaly,3000,5,2,2017,,,,,,,,
3,Louangnamtha,350,5,2,2017,,,,,,,,
4,Oudomxai,2870,5,2,2017,,,,,,,,
5,Bokeo,45,5,2,2017,,,,,,,,
6,Louangprabang,3040,5,2,2017,,,,,,,,
7,Houaphan,600,5,2,2017,,,,,,,,
8,Xayaboury,1250,5,2,2017,,,,,,,,
1,Vientiane Capital,755,5,2,2017,,,,,,,,
9,Xiengkhouang,325,5,2,2017,,,,,,,,
10,Vienitiane,3525,5,2,2017,,,,,,,,
11,Borlikhamxay,1280,5,2,2017,,,,,,,,
12,Khammouane,1675,5,2,2017,,,,,,,,
13,Savannakhet,4730,5,2,2017,,,,,,,,
18,Xaisomboun,155,5,2,2017,,,,,,,,
14,Saravan,1655,5,2,2017,,,,,,,,
15,Xekong,1130,5,2,2017,,,,,,,,
16,Champassak,4155,5,2,2017,,,,,,,,
17,Attapue,520,5,2,2017,,,,,,,,
2,Phongsaly,230,6,2,2017,,,,,,,,
3,Louangnamtha,60,6,2,2017,,,,,,,,
4,Oudomxai,1065,6,2,2017,,,,,,,,
5,Bokeo,185,6,2,2017,,,,,,,,
6,Louangprabang,350,6,2,2017,,,,,,,,
7,Houaphan,490,6,2,2017,,,,,,,,
8,Xayaboury,75,6,2,2017,,,,,,,,
1,Vientiane Capital,0,6,2,2017,,,,,,,,
9,Xiengkhouang,180,6,2,2017,,,,,,,,
10,Vienitiane,5,6,2,2017,,,,,,,,
11,Borlikhamxay,15,6,2,2017,,,,,,,,
12,Khammouane,0,6,2,2017,,,,,,,,
13,Savannakhet,0,6,2,2017,,,,,,,,
18,Xaisomboun,50,6,2,2017,,,,,,,,
14,Saravan,95,6,2,2017,,,,,,,,
15,Xekong,5,6,2,2017,,,,,,,,
16,Champassak,1450,6,2,2017,,,,,,,,
17,Attapue,0,6,2,2017,,,,,,,,
2,Phongsaly,70,7,2,2017,,,,,,,,
3,Louangnamtha,35,7,2,2017,,,,,,,,
4,Oudomxai,0,7,2,2017,,,,,,,,
5,Bokeo,260,7,2,2017,,,,,,,,
6,Louangprabang,0,7,2,2017,,,,,,,,
7,Houaphan,0,7,2,2017,,,,,,,,
8,Xayaboury,310,7,2,2017,,,,,,,,
1,Vientiane Capital,275,7,2,2017,,,,,,,,
9,Xiengkhouang,45,7,2,2017,,,,,,,,
10,Vienitiane,360,7,2,2017,,,,,,,,
11,Borlikhamxay,50,7,2,2017,,,,,,,,
12,Khammouane,0,7,2,2017,,,,,,,,
13,Savannakhet,0,7,2,2017,,,,,,,,
18,Xaisomboun,0,7,2,2017,,,,,,,,
14,Saravan,0,7,2,2017,,,,,,,,
15,Xekong,5,7,2,2017,,,,,,,,
16,Champassak,725,7,2,2017,,,,,,,,
17,Attapue,25,7,2,2017,,,,,,,,
2,Phongsaly,1360,8,2,2017,,,,,,,,
3,Louangnamtha,145,8,2,2017,,,,,,,,
4,Oudomxai,1520,8,2,2017,,,,,,,,
5,Bokeo,415,8,2,2017,,,,,,,,
6,Louangprabang,1050,8,2,2017,,,,,,,,
7,Houaphan,335,8,2,2017,,,,,,,,
8,Xayaboury,4440,8,2,2017,,,,,,,,
1,Vientiane Capital,155,8,2,2017,,,,,,,,
9,Xiengkhouang,405,8,2,2017,,,,,,,,
10,Vienitiane,1165,8,2,2017,,,,,,,,
11,Borlikhamxay,1205,8,2,2017,,,,,,,,
12,Khammouane,240,8,2,2017,,,,,,,,
13,Savannakhet,1820,8,2,2017,,,,,,,,
18,Xaisomboun,35,8,2,2017,,,,,,,,
14,Saravan,1070,8,2,2017,,,,,,,,
15,Xekong,645,8,2,2017,,,,,,,,
16,Champassak,2855,8,2,2017,,,,,,,,
17,Attapue,30,8,2,2017,,,,,,,,
2,Phongsaly,0,9,2,2017,,,,,,,,
3,Louangnamtha,15,9,2,2017,,,,,,,,
4,Oudomxai,0,9,2,2017,,,,,,,,
5,Bokeo,0,9,2,2017,,,,,,,,
6,Louangprabang,155,9,2,2017,,,,,,,,
7,Houaphan,0,9,2,2017,,,,,,,,
8,Xayaboury,1440,9,2,2017,,,,,,,,
1,Vientiane Capital,10,9,2,2017,,,,,,,,
9,Xiengkhouang,0,9,2,2017,,,,,,,,
10,Vienitiane,15,9,2,2017,,,,,,,,
11,Borlikhamxay,10,9,2,2017,,,,,,,,
12,Khammouane,0,9,2,2017,,,,,,,,
13,Savannakhet,0,9,2,2017,,,,,,,,
18,Xaisomboun,0,9,2,2017,,,,,,,,
14,Saravan,0,9,2,2017,,,,,,,,
15,Xekong,0,9,2,2017,,,,,,,,
16,Champassak,485,9,2,2017,,,,,,,,
17,Attapue,0,9,2,2017,,,,,,,,
2,Phongsaly,0,10,2,2017,,,,,,,,
3,Louangnamtha,55,10,2,2017,,,,,,,,
4,Oudomxai,310,10,2,2017,,,,,,,,
5,Bokeo,10,10,2,2017,,,,,,,,
6,Louangprabang,285,10,2,2017,,,,,,,,
7,Houaphan,40,10,2,2017,,,,,,,,
8,Xayaboury,350,10,2,2017,,,,,,,,
1,Vientiane Capital,105,10,2,2017,,,,,,,,
9,Xiengkhouang,150,10,2,2017,,,,,,,,
10,Vienitiane,335,10,2,2017,,,,,,,,
11,Borlikhamxay,670,10,2,2017,,,,,,,,
12,Khammouane,720,10,2,2017,,,,,,,,
13,Savannakhet,1225,10,2,2017,,,,,,,,
18,Xaisomboun,0,10,2,2017,,,,,,,,
14,Saravan,80,10,2,2017,,,,,,,,
15,Xekong,110,10,2,2017,,,,,,,,
16,Champassak,105,10,2,2017,,,,,,,,
17,Attapue,30,10,2,2017,,,,,,,,
2,Phongsaly,55,11,2,2017,,,,,,,,
3,Louangnamtha,40,11,2,2017,,,,,,,,
4,Oudomxai,115,11,2,2017,,,,,,,,
5,Bokeo,0,11,2,2017,,,,,,,,
6,Louangprabang,65,11,2,2017,,,,,,,,
7,Houaphan,150,11,2,2017,,,,,,,,
8,Xayaboury,285,11,2,2017,,,,,,,,
1,Vientiane Capital,0,11,2,2017,,,,,,,,
9,Xiengkhouang,0,11,2,2017,,,,,,,,
10,Vienitiane,0,11,2,2017,,,,,,,,
11,Borlikhamxay,0,11,2,2017,,,,,,,,
12,Khammouane,5,11,2,2017,,,,,,,,
13,Savannakhet,710,11,2,2017,,,,,,,,
18,Xaisomboun,0,11,2,2017,,,,,,,,
14,Saravan,380,11,2,2017,,,,,,,,
15,Xekong,35,11,2,2017,,,,,,,,
16,Champassak,5,11,2,2017,,,,,,,,
17,Attapue,0,11,2,2017,,,,,,,,
2,Phongsaly,1425,12,2,2017,,,,,,,,
3,Louangnamtha,3095,12,2,2017,,,,,,,,
4,Oudomxai,480,12,2,2017,,,,,,,,
5,Bokeo,0,12,2,2017,,,,,,,,
6,Louangprabang,445,12,2,2017,,,,,,,,
7,Houaphan,195,12,2,2017,,,,,,,,
8,Xayaboury,145,12,2,2017,,,,,,,,
1,Vientiane Capital,275,12,2,2017,,,,,,,,
9,Xiengkhouang,80,12,2,2017,,,,,,,,
10,Vienitiane,160,12,2,2017,,,,,,,,
11,Borlikhamxay,760,12,2,2017,,,,,,,,
12,Khammouane,570,12,2,2017,,,,,,,,
13,Savannakhet,15695,12,2,2017,,,,,,,,
18,Xaisomboun,50,12,2,2017,,,,,,,,
14,Saravan,70,12,2,2017,,,,,,,,
15,Xekong,215,12,2,2017,,,,,,,,
16,Champassak,515,12,2,2017,,,,,,,,
17,Attapue,5350,12,2,2017,,,,,,,,
2,Phongsaly,275,13,2,2017,,,,,,,,
3,Louangnamtha,190,13,2,2017,,,,,,,,
4,Oudomxai,7160,13,2,2017,,,,,,,,
5,Bokeo,3180,13,2,2017,,,,,,,,
6,Louangprabang,13495,13,2,2017,,,,,,,,
7,Houaphan,825,13,2,2017,,,,,,,,
8,Xayaboury,35980,13,2,2017,,,,,,,,
1,Vientiane Capital,210,13,2,2017,,,,,,,,
9,Xiengkhouang,0,13,2,2017,,,,,,,,
10,Vienitiane,15370,13,2,2017,,,,,,,,
11,Borlikhamxay,5,13,2,2017,,,,,,,,
12,Khammouane,20,13,2,2017,,,,,,,,
13,Savannakhet,0,13,2,2017,,,,,,,,
18,Xaisomboun,10,13,2,2017,,,,,,,,
14,Saravan,0,13,2,2017,,,,,,,,
15,Xekong,40,13,2,2017,,,,,,,,
16,Champassak,0,13,2,2017,,,,,,,,
17,Attapue,0,13,2,2017,,,,,,,,
2,Phongsaly,1280,14,2,2017,,,,,,,,
3,Louangnamtha,170,14,2,2017,,,,,,,,
4,Oudomxai,4385,14,2,2017,,,,,,,,
5,Bokeo,440,14,2,2017,,,,,,,,
6,Louangprabang,3985,14,2,2017,,,,,,,,
7,Houaphan,55,14,2,2017,,,,,,,,
8,Xayaboury,2505,14,2,2017,,,,,,,,
1,Vientiane Capital,0,14,2,2017,,,,,,,,
9,Xiengkhouang,80,14,2,2017,,,,,,,,
10,Vienitiane,30,14,2,2017,,,,,,,,
11,Borlikhamxay,35,14,2,2017,,,,,,,,
12,Khammouane,15,14,2,2017,,,,,,,,
13,Savannakhet,0,14,2,2017,,,,,,,,
18,Xaisomboun,5,14,2,2017,,,,,,,,
14,Saravan,0,14,2,2017,,,,,,,,
15,Xekong,40,14,2,2017,,,,,,,,
16,Champassak,0,14,2,2017,,,,,,,,
17,Attapue,15,14,2,2017,,,,,,,,
2,Phongsaly,535,15,2,2017,,,,,,,,
3,Louangnamtha,1570,15,2,2017,,,,,,,,
4,Oudomxai,0,15,2,2017,,,,,,,,
5,Bokeo,0,15,2,2017,,,,,,,,
6,Louangprabang,2215,15,2,2017,,,,,,,,
7,Houaphan,1380,15,2,2017,,,,,,,,
8,Xayaboury,15120,15,2,2017,,,,,,,,
1,Vientiane Capital,1215,15,2,2017,,,,,,,,
9,Xiengkhouang,1140,15,2,2017,,,,,,,,
10,Vienitiane,5250,15,2,2017,,,,,,,,
11,Borlikhamxay,7770,15,2,2017,,,,,,,,
12,Khammouane,1780,15,2,2017,,,,,,,,
13,Savannakhet,2815,15,2,2017,,,,,,,,
18,Xaisomboun,545,15,2,2017,,,,,,,,
14,Saravan,16020,15,2,2017,,,,,,,,
15,Xekong,2125,15,2,2017,,,,,,,,
16,Champassak,10585,15,2,2017,,,,,,,,
17,Attapue,865,15,2,2017,,,,,,,,
2,Phongsaly,495,16,2,2017,,,,,,,,
3,Louangnamtha,135,16,2,2017,,,,,,,,
4,Oudomxai,310,16,2,2017,,,,,,,,
5,Bokeo,0,16,2,2017,,,,,,,,
6,Louangprabang,95,16,2,2017,,,,,,,,
7,Houaphan,130,16,2,2017,,,,,,,,
8,Xayaboury,110,16,2,2017,,,,,,,,
1,Vientiane Capital,20,16,2,2017,,,,,,,,
9,Xiengkhouang,75,16,2,2017,,,,,,,,
10,Vienitiane,280,16,2,2017,,,,,,,,
11,Borlikhamxay,395,16,2,2017,,,,,,,,
12,Khammouane,295,16,2,2017,,,,,,,,
13,Savannakhet,640,16,2,2017,,,,,,,,
18,Xaisomboun,20,16,2,2017,,,,,,,,
14,Saravan,875,16,2,2017,,,,,,,,
15,Xekong,85,16,2,2017,,,,,,,,
16,Champassak,1925,16,2,2017,,,,,,,,
17,Attapue,0,16,2,2017,,,,,,,,
2,Phongsaly,15,17,2,2017,,,,,,,,
3,Louangnamtha,0,17,2,2017,,,,,,,,
4,Oudomxai,0,17,2,2017,,,,,,,,
5,Bokeo,0,17,2,2017,,,,,,,,
6,Louangprabang,0,17,2,2017,,,,,,,,
7,Houaphan,0,17,2,2017,,,,,,,,
8,Xayaboury,0,17,2,2017,,,,,,,,
1,Vientiane Capital,0,17,2,2017,,,,,,,,
9,Xiengkhouang,0,17,2,2017,,,,,,,,
10,Vienitiane,0,17,2,2017,,,,,,,,
11,Borlikhamxay,0,17,2,2017,,,,,,,,
12,Khammouane,0,17,2,2017,,,,,,,,
13,Savannakhet,0,17,2,2017,,,,,,,,
18,Xaisomboun,0,17,2,2017,,,,,,,,
14,Saravan,0,17,2,2017,,,,,,,,
15,Xekong,0,17,2,2017,,,,,,,,
16,Champassak,55,17,2,2017,,,,,,,,
17,Attapue,0,17,2,2017,,,,,,,,
2,Phongsaly,0,18,2,2017,,,,,,,,
3,Louangnamtha,60,18,2,2017,,,,,,,,
4,Oudomxai,325,18,2,2017,,,,,,,,
5,Bokeo,0,18,2,2017,,,,,,,,
6,Louangprabang,40,18,2,2017,,,,,,,,
7,Houaphan,0,18,2,2017,,,,,,,,
8,Xayaboury,30,18,2,2017,,,,,,,,
1,Vientiane Capital,140,18,2,2017,,,,,,,,
9,Xiengkhouang,0,18,2,2017,,,,,,,,
10,Vienitiane,215,18,2,2017,,,,,,,,
11,Borlikhamxay,200,18,2,2017,,,,,,,,
12,Khammouane,130,18,2,2017,,,,,,,,
13,Savannakhet,290,18,2,2017,,,,,,,,
18,Xaisomboun,5,18,2,2017,,,,,,,,
14,Saravan,0,18,2,2017,,,,,,,,
15,Xekong,0,18,2,2017,,,,,,,,
16,Champassak,0,18,2,2017,,,,,,,,
17,Attapue,0,18,2,2017,,,,,,,,
2,Phongsaly,600,19,2,2017,,,,,,,,
3,Louangnamtha,175,19,2,2017,,,,,,,,
4,Oudomxai,1310,19,2,2017,,,,,,,,
5,Bokeo,185,19,2,2017,,,,,,,,
6,Louangprabang,825,19,2,2017,,,,,,,,
7,Houaphan,250,19,2,2017,,,,,,,,
8,Xayaboury,700,19,2,2017,,,,,,,,
1,Vientiane Capital,330,19,2,2017,,,,,,,,
9,Xiengkhouang,485,19,2,2017,,,,,,,,
10,Vienitiane,650,19,2,2017,,,,,,,,
11,Borlikhamxay,340,19,2,2017,,,,,,,,
12,Khammouane,110,19,2,2017,,,,,,,,
13,Savannakhet,3170,19,2,2017,,,,,,,,
18,Xaisomboun,10,19,2,2017,,,,,,,,
14,Saravan,0,19,2,2017,,,,,,,,
15,Xekong,520,19,2,2017,,,,,,,,
16,Champassak,2370,19,2,2017,,,,,,,,
17,Attapue,50,19,2,2017,,,,,,,,
2,Phongsaly,6230,20,2,2017,,,,,,,,
3,Louangnamtha,2255,20,2,2017,,,,,,,,
4,Oudomxai,10725,20,2,2017,,,,,,,,
5,Bokeo,995,20,2,2017,,,,,,,,
6,Louangprabang,9870,20,2,2017,,,,,,,,
7,Houaphan,4850,20,2,2017,,,,,,,,
8,Xayaboury,15555,20,2,2017,,,,,,,,
1,Vientiane Capital,9285,20,2,2017,,,,,,,,
9,Xiengkhouang,4005,20,2,2017,,,,,,,,
10,Vienitiane,15410,20,2,2017,,,,,,,,
11,Borlikhamxay,8050,20,2,2017,,,,,,,,
12,Khammouane,7060,20,2,2017,,,,,,,,
13,Savannakhet,19255,20,2,2017,,,,,,,,
18,Xaisomboun,890,20,2,2017,,,,,,,,
14,Saravan,10180,20,2,2017,,,,,,,,
15,Xekong,6195,20,2,2017,,,,,,,,
16,Champassak,38855,20,2,2017,,,,,,,,
17,Attapue,485,20,2,2017,,,,,,,,
2,Phongsaly,420,21,2,2017,,,,,,,,
3,Louangnamtha,540,21,2,2017,,,,,,,,
4,Oudomxai,500,21,2,2017,,,,,,,,
5,Bokeo,695,21,2,2017,,,,,,,,
6,Louangprabang,1985,21,2,2017,,,,,,,,
7,Houaphan,1310,21,2,2017,,,,,,,,
8,Xayaboury,0,21,2,2017,,,,,,,,
1,Vientiane Capital,220,21,2,2017,,,,,,,,
9,Xiengkhouang,895,21,2,2017,,,,,,,,
10,Vienitiane,0,21,2,2017,,,,,,,,
11,Borlikhamxay,30,21,2,2017,,,,,,,,
12,Khammouane,240,21,2,2017,,,,,,,,
13,Savannakhet,270,21,2,2017,,,,,,,,
18,Xaisomboun,285,21,2,2017,,,,,,,,
14,Saravan,27625,21,2,2017,,,,,,,,
15,Xekong,120,21,2,2017,,,,,,,,
16,Champassak,0,21,2,2017,,,,,,,,
17,Attapue,4665,21,2,2017,,,,,,,,
2,Phongsaly,855,22,2,2017,,,,,,,,
3,Louangnamtha,2785,22,2,2017,,,,,,,,
4,Oudomxai,6355,22,2,2017,,,,,,,,
5,Bokeo,3335,22,2,2017,,,,,,,,
6,Louangprabang,2600,22,2,2017,,,,,,,,
7,Houaphan,290,22,2,2017,,,,,,,,
8,Xayaboury,15,22,2,2017,,,,,,,,
1,Vientiane Capital,345,22,2,2017,,,,,,,,
9,Xiengkhouang,440,22,2,2017,,,,,,,,
10,Vienitiane,645,22,2,2017,,,,,,,,
11,Borlikhamxay,715,22,2,2017,,,,,,,,
12,Khammouane,435,22,2,2017,,,,,,,,
13,Savannakhet,1115,22,2,2017,,,,,,,,
18,Xaisomboun,110,22,2,2017,,,,,,,,
14,Saravan,895,22,2,2017,,,,,,,,
15,Xekong,820,22,2,2017,,,,,,,,
16,Champassak,0,22,2,2017,,,,,,,,
17,Attapue,850,22,2,2017,,,,,,,,
2,Phongsaly,180,23,2,2017,,,,,,,,
3,Louangnamtha,130,23,2,2017,,,,,,,,
4,Oudomxai,0,23,2,2017,,,,,,,,
5,Bokeo,0,23,2,2017,,,,,,,,
6,Louangprabang,570,23,2,2017,,,,,,,,
7,Houaphan,140,23,2,2017,,,,,,,,
8,Xayaboury,175,23,2,2017,,,,,,,,
1,Vientiane Capital,5,23,2,2017,,,,,,,,
9,Xiengkhouang,70,23,2,2017,,,,,,,,
10,Vienitiane,85,23,2,2017,,,,,,,,
11,Borlikhamxay,600,23,2,2017,,,,,,,,
12,Khammouane,55,23,2,2017,,,,,,,,
13,Savannakhet,340,23,2,2017,,,,,,,,
18,Xaisomboun,140,23,2,2017,,,,,,,,
14,Saravan,10,23,2,2017,,,,,,,,
15,Xekong,150,23,2,2017,,,,,,,,
16,Champassak,0,23,2,2017,,,,,,,,
17,Attapue,30,23,2,2017,,,,,,,,
2,Phongsaly,0,24,2,2017,,,,,,,,
3,Louangnamtha,70,24,2,2017,,,,,,,,
4,Oudomxai,55,24,2,2017,,,,,,,,
5,Bokeo,0,24,2,2017,,,,,,,,
6,Louangprabang,420,24,2,2017,,,,,,,,
7,Houaphan,35,24,2,2017,,,,,,,,
8,Xayaboury,0,24,2,2017,,,,,,,,
1,Vientiane Capital,125,24,2,2017,,,,,,,,
9,Xiengkhouang,40,24,2,2017,,,,,,,,
10,Vienitiane,445,24,2,2017,,,,,,,,
11,Borlikhamxay,255,24,2,2017,,,,,,,,
12,Khammouane,215,24,2,2017,,,,,,,,
13,Savannakhet,380,24,2,2017,,,,,,,,
18,Xaisomboun,0,24,2,2017,,,,,,,,
14,Saravan,0,24,2,2017,,,,,,,,
15,Xekong,45,24,2,2017,,,,,,,,
16,Champassak,0,24,2,2017,,,,,,,,
17,Attapue,0,24,2,2017,,,,,,,,
2,Phongsaly,15,25,2,2017,,,,,,,,
3,Louangnamtha,575,25,2,2017,,,,,,,,
4,Oudomxai,245,25,2,2017,,,,,,,,
5,Bokeo,400,25,2,2017,,,,,,,,
6,Louangprabang,215,25,2,2017,,,,,,,,
7,Houaphan,135,25,2,2017,,,,,,,,
8,Xayaboury,830,25,2,2017,,,,,,,,
1,Vientiane Capital,395,25,2,2017,,,,,,,,
9,Xiengkhouang,255,25,2,2017,,,,,,,,
10,Vienitiane,485,25,2,2017,,,,,,,,
11,Borlikhamxay,275,25,2,2017,,,,,,,,
12,Khammouane,380,25,2,2017,,,,,,,,
13,Savannakhet,1885,25,2,2017,,,,,,,,
18,Xaisomboun,20,25,2,2017,,,,,,,,
14,Saravan,170,25,2,2017,,,,,,,,
15,Xekong,50,25,2,2017,,,,,,,,
16,Champassak,640,25,2,2017,,,,,,,,
17,Attapue,50,25,2,2017,,,,,,,,
2,Phongsaly,0,26,2,2017,,,,,,,,
3,Louangnamtha,0,26,2,2017,,,,,,,,
4,Oudomxai,0,26,2,2017,,,,,,,,
5,Bokeo,0,26,2,2017,,,,,,,,
6,Louangprabang,285,26,2,2017,,,,,,,,
7,Houaphan,80,26,2,2017,,,,,,,,
8,Xayaboury,0,26,2,2017,,,,,,,,
1,Vientiane Capital,385,26,2,2017,,,,,,,,
9,Xiengkhouang,100,26,2,2017,,,,,,,,
10,Vienitiane,0,26,2,2017,,,,,,,,
11,Borlikhamxay,0,26,2,2017,,,,,,,,
12,Khammouane,100,26,2,2017,,,,,,,,
13,Savannakhet,0,26,2,2017,,,,,,,,
18,Xaisomboun,55,26,2,2017,,,,,,,,
14,Saravan,300,26,2,2017,,,,,,,,
15,Xekong,70,26,2,2017,,,,,,,,
16,Champassak,0,26,2,2017,,,,,,,,
17,Attapue,0,26,2,2017,,,,,,,,
2,Phongsaly,85,27,2,2017,,,,,,,,
3,Louangnamtha,35,27,2,2017,,,,,,,,
4,Oudomxai,95,27,2,2017,,,,,,,,
5,Bokeo,0,27,2,2017,,,,,,,,
6,Louangprabang,390,27,2,2017,,,,,,,,
7,Houaphan,0,27,2,2017,,,,,,,,
8,Xayaboury,0,27,2,2017,,,,,,,,
1,Vientiane Capital,90,27,2,2017,,,,,,,,
9,Xiengkhouang,0,27,2,2017,,,,,,,,
10,Vienitiane,0,27,2,2017,,,,,,,,
11,Borlikhamxay,0,27,2,2017,,,,,,,,
12,Khammouane,0,27,2,2017,,,,,,,,
13,Savannakhet,0,27,2,2017,,,,,,,,
18,Xaisomboun,10,27,2,2017,,,,,,,,
14,Saravan,0,27,2,2017,,,,,,,,
15,Xekong,0,27,2,2017,,,,,,,,
16,Champassak,0,27,2,2017,,,,,,,,
17,Attapue,0,27,2,2017,,,,,,,,
2,Phongsaly,875,1,3,2017,,,,,,,,
3,Louangnamtha,0,1,3,2017,,,,,,,,
4,Oudomxai,735,1,3,2017,,,,,,,,
5,Bokeo,0,1,3,2017,,,,,,,,
6,Louangprabang,2310,1,3,2017,,,,,,,,
7,Houaphan,210,1,3,2017,,,,,,,,
8,Xayaboury,0,1,3,2017,,,,,,,,
1,Vientiane Capital,0,1,3,2017,,,,,,,,
9,Xiengkhouang,675,1,3,2017,,,,,,,,
10,Vienitiane,0,1,3,2017,,,,,,,,
11,Borlikhamxay,0,1,3,2017,,,,,,,,
12,Khammouane,0,1,3,2017,,,,,,,,
13,Savannakhet,0,1,3,2017,,,,,,,,
18,Xaisomboun,0,1,3,2017,,,,,,,,
14,Saravan,28030,1,3,2017,,,,,,,,
15,Xekong,40615,1,3,2017,,,,,,,,
16,Champassak,75575,1,3,2017,,,,,,,,
17,Attapue,1770,1,3,2017,,,,,,,,
2,Phongsaly,2555,2,3,2017,,,,,,,,
3,Louangnamtha,0,2,3,2017,,,,,,,,
4,Oudomxai,0,2,3,2017,,,,,,,,
5,Bokeo,0,2,3,2017,,,,,,,,
6,Louangprabang,0,2,3,2017,,,,,,,,
7,Houaphan,620,2,3,2017,,,,,,,,
8,Xayaboury,0,2,3,2017,,,,,,,,
1,Vientiane Capital,0,2,3,2017,,,,,,,,
9,Xiengkhouang,0,2,3,2017,,,,,,,,
10,Vienitiane,0,2,3,2017,,,,,,,,
11,Borlikhamxay,0,2,3,2017,,,,,,,,
12,Khammouane,0,2,3,2017,,,,,,,,
13,Savannakhet,0,2,3,2017,,,,,,,,
18,Xaisomboun,0,2,3,2017,,,,,,,,
14,Saravan,1020,2,3,2017,,,,,,,,
15,Xekong,1055,2,3,2017,,,,,,,,
16,Champassak,825,2,3,2017,,,,,,,,
17,Attapue,285,2,3,2017,,,,,,,,
2,Phongsaly,3735,3,3,2017,,,,,,,,
3,Louangnamtha,15,3,3,2017,,,,,,,,
4,Oudomxai,150,3,3,2017,,,,,,,,
5,Bokeo,0,3,3,2017,,,,,,,,
6,Louangprabang,1360,3,3,2017,,,,,,,,
7,Houaphan,175,3,3,2017,,,,,,,,
8,Xayaboury,0,3,3,2017,,,,,,,,
1,Vientiane Capital,0,3,3,2017,,,,,,,,
9,Xiengkhouang,2035,3,3,2017,,,,,,,,
10,Vienitiane,0,3,3,2017,,,,,,,,
11,Borlikhamxay,0,3,3,2017,,,,,,,,
12,Khammouane,0,3,3,2017,,,,,,,,
13,Savannakhet,0,3,3,2017,,,,,,,,
18,Xaisomboun,0,3,3,2017,,,,,,,,
14,Saravan,0,3,3,2017,,,,,,,,
15,Xekong,0,3,3,2017,,,,,,,,
16,Champassak,190,3,3,2017,,,,,,,,
17,Attapue,0,3,3,2017,,,,,,,,
2,Phongsaly,23920,4,3,2017,,,,,,,,
3,Louangnamtha,6710,4,3,2017,,,,,,,,
4,Oudomxai,280600,4,3,2017,,,,,,,,
5,Bokeo,7880,4,3,2017,,,,,,,,
6,Louangprabang,55785,4,3,2017,,,,,,,,
7,Houaphan,52255,4,3,2017,,,,,,,,
8,Xayaboury,335675,4,3,2017,,,,,,,,
1,Vientiane Capital,4695,4,3,2017,,,,,,,,
9,Xiengkhouang,106115,4,3,2017,,,,,,,,
10,Vienitiane,34055,4,3,2017,,,,,,,,
11,Borlikhamxay,10545,4,3,2017,,,,,,,,
12,Khammouane,25,4,3,2017,,,,,,,,
13,Savannakhet,0,4,3,2017,,,,,,,,
18,Xaisomboun,2435,4,3,2017,,,,,,,,
14,Saravan,16275,4,3,2017,,,,,,,,
15,Xekong,7640,4,3,2017,,,,,,,,
16,Champassak,8700,4,3,2017,,,,,,,,
17,Attapue,2390,4,3,2017,,,,,,,,
2,Phongsaly,14195,5,3,2017,,,,,,,,
3,Louangnamtha,2075,5,3,2017,,,,,,,,
4,Oudomxai,25350,5,3,2017,,,,,,,,
5,Bokeo,335,5,3,2017,,,,,,,,
6,Louangprabang,31105,5,3,2017,,,,,,,,
7,Houaphan,4485,5,3,2017,,,,,,,,
8,Xayaboury,12380,5,3,2017,,,,,,,,
1,Vientiane Capital,6990,5,3,2017,,,,,,,,
9,Xiengkhouang,1855,5,3,2017,,,,,,,,
10,Vienitiane,25315,5,3,2017,,,,,,,,
11,Borlikhamxay,8785,5,3,2017,,,,,,,,
12,Khammouane,15800,5,3,2017,,,,,,,,
13,Savannakhet,47240,5,3,2017,,,,,,,,
18,Xaisomboun,715,5,3,2017,,,,,,,,
14,Saravan,9845,5,3,2017,,,,,,,,
15,Xekong,5395,5,3,2017,,,,,,,,
16,Champassak,22365,5,3,2017,,,,,,,,
17,Attapue,2595,5,3,2017,,,,,,,,
2,Phongsaly,415,6,3,2017,,,,,,,,
3,Louangnamtha,135,6,3,2017,,,,,,,,
4,Oudomxai,2220,6,3,2017,,,,,,,,
5,Bokeo,390,6,3,2017,,,,,,,,
6,Louangprabang,730,6,3,2017,,,,,,,,
7,Houaphan,910,6,3,2017,,,,,,,,
8,Xayaboury,130,6,3,2017,,,,,,,,
1,Vientiane Capital,0,6,3,2017,,,,,,,,
9,Xiengkhouang,325,6,3,2017,,,,,,,,
10,Vienitiane,10,6,3,2017,,,,,,,,
11,Borlikhamxay,30,6,3,2017,,,,,,,,
12,Khammouane,0,6,3,2017,,,,,,,,
13,Savannakhet,0,6,3,2017,,,,,,,,
18,Xaisomboun,105,6,3,2017,,,,,,,,
14,Saravan,180,6,3,2017,,,,,,,,
15,Xekong,5,6,3,2017,,,,,,,,
16,Champassak,2365,6,3,2017,,,,,,,,
17,Attapue,0,6,3,2017,,,,,,,,
2,Phongsaly,215,7,3,2017,,,,,,,,
3,Louangnamtha,75,7,3,2017,,,,,,,,
4,Oudomxai,0,7,3,2017,,,,,,,,
5,Bokeo,560,7,3,2017,,,,,,,,
6,Louangprabang,0,7,3,2017,,,,,,,,
7,Houaphan,0,7,3,2017,,,,,,,,
8,Xayaboury,500,7,3,2017,,,,,,,,
1,Vientiane Capital,560,7,3,2017,,,,,,,,
9,Xiengkhouang,50,7,3,2017,,,,,,,,
10,Vienitiane,720,7,3,2017,,,,,,,,
11,Borlikhamxay,150,7,3,2017,,,,,,,,
12,Khammouane,0,7,3,2017,,,,,,,,
13,Savannakhet,0,7,3,2017,,,,,,,,
18,Xaisomboun,0,7,3,2017,,,,,,,,
14,Saravan,0,7,3,2017,,,,,,,,
15,Xekong,5,7,3,2017,,,,,,,,
16,Champassak,870,7,3,2017,,,,,,,,
17,Attapue,50,7,3,2017,,,,,,,,
2,Phongsaly,2450,8,3,2017,,,,,,,,
3,Louangnamtha,360,8,3,2017,,,,,,,,
4,Oudomxai,3515,8,3,2017,,,,,,,,
5,Bokeo,1065,8,3,2017,,,,,,,,
6,Louangprabang,2330,8,3,2017,,,,,,,,
7,Houaphan,1305,8,3,2017,,,,,,,,
8,Xayaboury,11265,8,3,2017,,,,,,,,
1,Vientiane Capital,285,8,3,2017,,,,,,,,
9,Xiengkhouang,685,8,3,2017,,,,,,,,
10,Vienitiane,3380,8,3,2017,,,,,,,,
11,Borlikhamxay,5130,8,3,2017,,,,,,,,
12,Khammouane,1010,8,3,2017,,,,,,,,
13,Savannakhet,5535,8,3,2017,,,,,,,,
18,Xaisomboun,80,8,3,2017,,,,,,,,
14,Saravan,2570,8,3,2017,,,,,,,,
15,Xekong,1270,8,3,2017,,,,,,,,
16,Champassak,6780,8,3,2017,,,,,,,,
17,Attapue,95,8,3,2017,,,,,,,,
2,Phongsaly,0,9,3,2017,,,,,,,,
3,Louangnamtha,20,9,3,2017,,,,,,,,
4,Oudomxai,0,9,3,2017,,,,,,,,
5,Bokeo,0,9,3,2017,,,,,,,,
6,Louangprabang,185,9,3,2017,,,,,,,,
7,Houaphan,0,9,3,2017,,,,,,,,
8,Xayaboury,1845,9,3,2017,,,,,,,,
1,Vientiane Capital,10,9,3,2017,,,,,,,,
9,Xiengkhouang,0,9,3,2017,,,,,,,,
10,Vienitiane,20,9,3,2017,,,,,,,,
11,Borlikhamxay,10,9,3,2017,,,,,,,,
12,Khammouane,0,9,3,2017,,,,,,,,
13,Savannakhet,0,9,3,2017,,,,,,,,
18,Xaisomboun,0,9,3,2017,,,,,,,,
14,Saravan,0,9,3,2017,,,,,,,,
15,Xekong,0,9,3,2017,,,,,,,,
16,Champassak,560,9,3,2017,,,,,,,,
17,Attapue,0,9,3,2017,,,,,,,,
2,Phongsaly,0,10,3,2017,,,,,,,,
3,Louangnamtha,400,10,3,2017,,,,,,,,
4,Oudomxai,675,10,3,2017,,,,,,,,
5,Bokeo,80,10,3,2017,,,,,,,,
6,Louangprabang,3325,10,3,2017,,,,,,,,
7,Houaphan,280,10,3,2017,,,,,,,,
8,Xayaboury,4830,10,3,2017,,,,,,,,
1,Vientiane Capital,1050,10,3,2017,,,,,,,,
9,Xiengkhouang,1645,10,3,2017,,,,,,,,
10,Vienitiane,3210,10,3,2017,,,,,,,,
11,Borlikhamxay,1335,10,3,2017,,,,,,,,
12,Khammouane,7335,10,3,2017,,,,,,,,
13,Savannakhet,9805,10,3,2017,,,,,,,,
18,Xaisomboun,0,10,3,2017,,,,,,,,
14,Saravan,150,10,3,2017,,,,,,,,
15,Xekong,800,10,3,2017,,,,,,,,
16,Champassak,600,10,3,2017,,,,,,,,
17,Attapue,95,10,3,2017,,,,,,,,
2,Phongsaly,25,11,3,2017,,,,,,,,
3,Louangnamtha,40,11,3,2017,,,,,,,,
4,Oudomxai,115,11,3,2017,,,,,,,,
5,Bokeo,0,11,3,2017,,,,,,,,
6,Louangprabang,85,11,3,2017,,,,,,,,
7,Houaphan,55,11,3,2017,,,,,,,,
8,Xayaboury,345,11,3,2017,,,,,,,,
1,Vientiane Capital,0,11,3,2017,,,,,,,,
9,Xiengkhouang,0,11,3,2017,,,,,,,,
10,Vienitiane,0,11,3,2017,,,,,,,,
11,Borlikhamxay,0,11,3,2017,,,,,,,,
12,Khammouane,20,11,3,2017,,,,,,,,
13,Savannakhet,950,11,3,2017,,,,,,,,
18,Xaisomboun,0,11,3,2017,,,,,,,,
14,Saravan,555,11,3,2017,,,,,,,,
15,Xekong,40,11,3,2017,,,,,,,,
16,Champassak,5,11,3,2017,,,,,,,,
17,Attapue,0,11,3,2017,,,,,,,,
2,Phongsaly,91605,12,3,2017,,,,,,,,
3,Louangnamtha,186030,12,3,2017,,,,,,,,
4,Oudomxai,16435,12,3,2017,,,,,,,,
5,Bokeo,0,12,3,2017,,,,,,,,
6,Louangprabang,17000,12,3,2017,,,,,,,,
7,Houaphan,2215,12,3,2017,,,,,,,,
8,Xayaboury,4320,12,3,2017,,,,,,,,
1,Vientiane Capital,6030,12,3,2017,,,,,,,,
9,Xiengkhouang,790,12,3,2017,,,,,,,,
10,Vienitiane,4165,12,3,2017,,,,,,,,
11,Borlikhamxay,21605,12,3,2017,,,,,,,,
12,Khammouane,22910,12,3,2017,,,,,,,,
13,Savannakhet,1018925,12,3,2017,,,,,,,,
18,Xaisomboun,225,12,3,2017,,,,,,,,
14,Saravan,1035,12,3,2017,,,,,,,,
15,Xekong,2560,12,3,2017,,,,,,,,
16,Champassak,10540,12,3,2017,,,,,,,,
17,Attapue,374365,12,3,2017,,,,,,,,
2,Phongsaly,695,13,3,2017,,,,,,,,
3,Louangnamtha,570,13,3,2017,,,,,,,,
4,Oudomxai,26115,13,3,2017,,,,,,,,
5,Bokeo,11250,13,3,2017,,,,,,,,
6,Louangprabang,47900,13,3,2017,,,,,,,,
7,Houaphan,1560,13,3,2017,,,,,,,,
8,Xayaboury,126005,13,3,2017,,,,,,,,
1,Vientiane Capital,775,13,3,2017,,,,,,,,
9,Xiengkhouang,0,13,3,2017,,,,,,,,
10,Vienitiane,61480,13,3,2017,,,,,,,,
11,Borlikhamxay,30,13,3,2017,,,,,,,,
12,Khammouane,45,13,3,2017,,,,,,,,
13,Savannakhet,0,13,3,2017,,,,,,,,
18,Xaisomboun,30,13,3,2017,,,,,,,,
14,Saravan,0,13,3,2017,,,,,,,,
15,Xekong,80,13,3,2017,,,,,,,,
16,Champassak,0,13,3,2017,,,,,,,,
17,Attapue,0,13,3,2017,,,,,,,,
2,Phongsaly,1605,14,3,2017,,,,,,,,
3,Louangnamtha,200,14,3,2017,,,,,,,,
4,Oudomxai,5970,14,3,2017,,,,,,,,
5,Bokeo,485,14,3,2017,,,,,,,,
6,Louangprabang,4710,14,3,2017,,,,,,,,
7,Houaphan,65,14,3,2017,,,,,,,,
8,Xayaboury,2965,14,3,2017,,,,,,,,
1,Vientiane Capital,0,14,3,2017,,,,,,,,
9,Xiengkhouang,80,14,3,2017,,,,,,,,
10,Vienitiane,45,14,3,2017,,,,,,,,
11,Borlikhamxay,40,14,3,2017,,,,,,,,
12,Khammouane,15,14,3,2017,,,,,,,,
13,Savannakhet,0,14,3,2017,,,,,,,,
18,Xaisomboun,10,14,3,2017,,,,,,,,
14,Saravan,0,14,3,2017,,,,,,,,
15,Xekong,50,14,3,2017,,,,,,,,
16,Champassak,0,14,3,2017,,,,,,,,
17,Attapue,15,14,3,2017,,,,,,,,
2,Phongsaly,3065,15,3,2017,,,,,,,,
3,Louangnamtha,46320,15,3,2017,,,,,,,,
4,Oudomxai,0,15,3,2017,,,,,,,,
5,Bokeo,0,15,3,2017,,,,,,,,
6,Louangprabang,52940,15,3,2017,,,,,,,,
7,Houaphan,21115,15,3,2017,,,,,,,,
8,Xayaboury,539930,15,3,2017,,,,,,,,
1,Vientiane Capital,29145,15,3,2017,,,,,,,,
9,Xiengkhouang,12475,15,3,2017,,,,,,,,
10,Vienitiane,118270,15,3,2017,,,,,,,,
11,Borlikhamxay,194275,15,3,2017,,,,,,,,
12,Khammouane,42810,15,3,2017,,,,,,,,
13,Savannakhet,67575,15,3,2017,,,,,,,,
18,Xaisomboun,8600,15,3,2017,,,,,,,,
14,Saravan,448555,15,3,2017,,,,,,,,
15,Xekong,56600,15,3,2017,,,,,,,,
16,Champassak,613700,15,3,2017,,,,,,,,
17,Attapue,21675,15,3,2017,,,,,,,,
2,Phongsaly,2630,16,3,2017,,,,,,,,
3,Louangnamtha,2495,16,3,2017,,,,,,,,
4,Oudomxai,5095,16,3,2017,,,,,,,,
5,Bokeo,0,16,3,2017,,,,,,,,
6,Louangprabang,1000,16,3,2017,,,,,,,,
7,Houaphan,955,16,3,2017,,,,,,,,
8,Xayaboury,1190,16,3,2017,,,,,,,,
1,Vientiane Capital,340,16,3,2017,,,,,,,,
9,Xiengkhouang,720,16,3,2017,,,,,,,,
10,Vienitiane,3540,16,3,2017,,,,,,,,
11,Borlikhamxay,4105,16,3,2017,,,,,,,,
12,Khammouane,3210,16,3,2017,,,,,,,,
13,Savannakhet,13935,16,3,2017,,,,,,,,
18,Xaisomboun,130,16,3,2017,,,,,,,,
14,Saravan,19340,16,3,2017,,,,,,,,
15,Xekong,675,16,3,2017,,,,,,,,
16,Champassak,50770,16,3,2017,,,,,,,,
17,Attapue,0,16,3,2017,,,,,,,,
2,Phongsaly,295,17,3,2017,,,,,,,,
3,Louangnamtha,0,17,3,2017,,,,,,,,
4,Oudomxai,0,17,3,2017,,,,,,,,
5,Bokeo,0,17,3,2017,,,,,,,,
6,Louangprabang,0,17,3,2017,,,,,,,,
7,Houaphan,0,17,3,2017,,,,,,,,
8,Xayaboury,0,17,3,2017,,,,,,,,
1,Vientiane Capital,0,17,3,2017,,,,,,,,
9,Xiengkhouang,0,17,3,2017,,,,,,,,
10,Vienitiane,0,17,3,2017,,,,,,,,
11,Borlikhamxay,0,17,3,2017,,,,,,,,
12,Khammouane,0,17,3,2017,,,,,,,,
13,Savannakhet,0,17,3,2017,,,,,,,,
18,Xaisomboun,0,17,3,2017,,,,,,,,
14,Saravan,0,17,3,2017,,,,,,,,
15,Xekong,0,17,3,2017,,,,,,,,
16,Champassak,1290,17,3,2017,,,,,,,,
17,Attapue,0,17,3,2017,,,,,,,,
2,Phongsaly,0,18,3,2017,,,,,,,,
3,Louangnamtha,475,18,3,2017,,,,,,,,
4,Oudomxai,4330,18,3,2017,,,,,,,,
5,Bokeo,0,18,3,2017,,,,,,,,
6,Louangprabang,320,18,3,2017,,,,,,,,
7,Houaphan,0,18,3,2017,,,,,,,,
8,Xayaboury,290,18,3,2017,,,,,,,,
1,Vientiane Capital,2205,18,3,2017,,,,,,,,
9,Xiengkhouang,0,18,3,2017,,,,,,,,
10,Vienitiane,2780,18,3,2017,,,,,,,,
11,Borlikhamxay,3085,18,3,2017,,,,,,,,
12,Khammouane,1450,18,3,2017,,,,,,,,
13,Savannakhet,2405,18,3,2017,,,,,,,,
18,Xaisomboun,50,18,3,2017,,,,,,,,
14,Saravan,0,18,3,2017,,,,,,,,
15,Xekong,0,18,3,2017,,,,,,,,
16,Champassak,0,18,3,2017,,,,,,,,
17,Attapue,0,18,3,2017,,,,,,,,
2,Phongsaly,3645,19,3,2017,,,,,,,,
3,Louangnamtha,4540,19,3,2017,,,,,,,,
4,Oudomxai,20230,19,3,2017,,,,,,,,
5,Bokeo,1800,19,3,2017,,,,,,,,
6,Louangprabang,14240,19,3,2017,,,,,,,,
7,Houaphan,2705,19,3,2017,,,,,,,,
8,Xayaboury,7350,19,3,2017,,,,,,,,
1,Vientiane Capital,3865,19,3,2017,,,,,,,,
9,Xiengkhouang,5440,19,3,2017,,,,,,,,
10,Vienitiane,6765,19,3,2017,,,,,,,,
11,Borlikhamxay,3580,19,3,2017,,,,,,,,
12,Khammouane,860,19,3,2017,,,,,,,,
13,Savannakhet,31255,19,3,2017,,,,,,,,
18,Xaisomboun,65,19,3,2017,,,,,,,,
14,Saravan,0,19,3,2017,,,,,,,,
15,Xekong,6235,19,3,2017,,,,,,,,
16,Champassak,22025,19,3,2017,,,,,,,,
17,Attapue,540,19,3,2017,,,,,,,,
2,Phongsaly,34365,20,3,2017,,,,,,,,
3,Louangnamtha,24245,20,3,2017,,,,,,,,
4,Oudomxai,88150,20,3,2017,,,,,,,,
5,Bokeo,7115,20,3,2017,,,,,,,,
6,Louangprabang,84275,20,3,2017,,,,,,,,
7,Houaphan,30510,20,3,2017,,,,,,,,
8,Xayaboury,112860,20,3,2017,,,,,,,,
1,Vientiane Capital,90650,20,3,2017,,,,,,,,
9,Xiengkhouang,38085,20,3,2017,,,,,,,,
10,Vienitiane,112395,20,3,2017,,,,,,,,
11,Borlikhamxay,47115,20,3,2017,,,,,,,,
12,Khammouane,54905,20,3,2017,,,,,,,,
13,Savannakhet,110430,20,3,2017,,,,,,,,
18,Xaisomboun,3495,20,3,2017,,,,,,,,
14,Saravan,117800,20,3,2017,,,,,,,,
15,Xekong,91570,20,3,2017,,,,,,,,
16,Champassak,386565,20,3,2017,,,,,,,,
17,Attapue,2015,20,3,2017,,,,,,,,
2,Phongsaly,1030,21,3,2017,,,,,,,,
3,Louangnamtha,2380,21,3,2017,,,,,,,,
4,Oudomxai,4940,21,3,2017,,,,,,,,
5,Bokeo,5810,21,3,2017,,,,,,,,
6,Louangprabang,26320,21,3,2017,,,,,,,,
7,Houaphan,9265,21,3,2017,,,,,,,,
8,Xayaboury,0,21,3,2017,,,,,,,,
1,Vientiane Capital,3005,21,3,2017,,,,,,,,
9,Xiengkhouang,7100,21,3,2017,,,,,,,,
10,Vienitiane,0,21,3,2017,,,,,,,,
11,Borlikhamxay,600,21,3,2017,,,,,,,,
12,Khammouane,2150,21,3,2017,,,,,,,,
13,Savannakhet,1510,21,3,2017,,,,,,,,
18,Xaisomboun,920,21,3,2017,,,,,,,,
14,Saravan,286290,21,3,2017,,,,,,,,
15,Xekong,1890,21,3,2017,,,,,,,,
16,Champassak,0,21,3,2017,,,,,,,,
17,Attapue,26655,21,3,2017,,,,,,,,
2,Phongsaly,36545,22,3,2017,,,,,,,,
3,Louangnamtha,122130,22,3,2017,,,,,,,,
4,Oudomxai,291725,22,3,2017,,,,,,,,
5,Bokeo,193525,22,3,2017,,,,,,,,
6,Louangprabang,87410,22,3,2017,,,,,,,,
7,Houaphan,8355,22,3,2017,,,,,,,,
8,Xayaboury,450,22,3,2017,,,,,,,,
1,Vientiane Capital,14770,22,3,2017,,,,,,,,
9,Xiengkhouang,12805,22,3,2017,,,,,,,,
10,Vienitiane,26005,22,3,2017,,,,,,,,
11,Borlikhamxay,29105,22,3,2017,,,,,,,,
12,Khammouane,12765,22,3,2017,,,,,,,,
13,Savannakhet,33590,22,3,2017,,,,,,,,
18,Xaisomboun,2155,22,3,2017,,,,,,,,
14,Saravan,22660,22,3,2017,,,,,,,,
15,Xekong,33545,22,3,2017,,,,,,,,
16,Champassak,0,22,3,2017,,,,,,,,
17,Attapue,19280,22,3,2017,,,,,,,,
2,Phongsaly,880,23,3,2017,,,,,,,,
3,Louangnamtha,515,23,3,2017,,,,,,,,
4,Oudomxai,0,23,3,2017,,,,,,,,
5,Bokeo,0,23,3,2017,,,,,,,,
6,Louangprabang,10225,23,3,2017,,,,,,,,
7,Houaphan,1285,23,3,2017,,,,,,,,
8,Xayaboury,1700,23,3,2017,,,,,,,,
1,Vientiane Capital,110,23,3,2017,,,,,,,,
9,Xiengkhouang,720,23,3,2017,,,,,,,,
10,Vienitiane,1395,23,3,2017,,,,,,,,
11,Borlikhamxay,4775,23,3,2017,,,,,,,,
12,Khammouane,305,23,3,2017,,,,,,,,
13,Savannakhet,7420,23,3,2017,,,,,,,,
18,Xaisomboun,410,23,3,2017,,,,,,,,
14,Saravan,60,23,3,2017,,,,,,,,
15,Xekong,2280,23,3,2017,,,,,,,,
16,Champassak,0,23,3,2017,,,,,,,,
17,Attapue,390,23,3,2017,,,,,,,,
2,Phongsaly,0,24,3,2017,,,,,,,,
3,Louangnamtha,345,24,3,2017,,,,,,,,
4,Oudomxai,1195,24,3,2017,,,,,,,,
5,Bokeo,0,24,3,2017,,,,,,,,
6,Louangprabang,7690,24,3,2017,,,,,,,,
7,Houaphan,220,24,3,2017,,,,,,,,
8,Xayaboury,0,24,3,2017,,,,,,,,
1,Vientiane Capital,1995,24,3,2017,,,,,,,,
9,Xiengkhouang,320,24,3,2017,,,,,,,,
10,Vienitiane,4830,24,3,2017,,,,,,,,
11,Borlikhamxay,2880,24,3,2017,,,,,,,,
12,Khammouane,1805,24,3,2017,,,,,,,,
13,Savannakhet,3740,24,3,2017,,,,,,,,
18,Xaisomboun,0,24,3,2017,,,,,,,,
14,Saravan,0,24,3,2017,,,,,,,,
15,Xekong,275,24,3,2017,,,,,,,,
16,Champassak,0,24,3,2017,,,,,,,,
17,Attapue,0,24,3,2017,,,,,,,,
2,Phongsaly,375,25,3,2017,,,,,,,,
3,Louangnamtha,17250,25,3,2017,,,,,,,,
4,Oudomxai,9335,25,3,2017,,,,,,,,
5,Bokeo,10015,25,3,2017,,,,,,,,
6,Louangprabang,7510,25,3,2017,,,,,,,,
7,Houaphan,1510,25,3,2017,,,,,,,,
8,Xayaboury,17745,25,3,2017,,,,,,,,
1,Vientiane Capital,6370,25,3,2017,,,,,,,,
9,Xiengkhouang,3825,25,3,2017,,,,,,,,
10,Vienitiane,7560,25,3,2017,,,,,,,,
11,Borlikhamxay,3310,25,3,2017,,,,,,,,
12,Khammouane,5675,25,3,2017,,,,,,,,
13,Savannakhet,25320,25,3,2017,,,,,,,,
18,Xaisomboun,465,25,3,2017,,,,,,,,
14,Saravan,3825,25,3,2017,,,,,,,,
15,Xekong,705,25,3,2017,,,,,,,,
16,Champassak,7755,25,3,2017,,,,,,,,
17,Attapue,300,25,3,2017,,,,,,,,
2,Phongsaly,0,26,3,2017,,,,,,,,
3,Louangnamtha,0,26,3,2017,,,,,,,,
4,Oudomxai,0,26,3,2017,,,,,,,,
5,Bokeo,0,26,3,2017,,,,,,,,
6,Louangprabang,5205,26,3,2017,,,,,,,,
7,Houaphan,430,26,3,2017,,,,,,,,
8,Xayaboury,0,26,3,2017,,,,,,,,
1,Vientiane Capital,4990,26,3,2017,,,,,,,,
9,Xiengkhouang,1050,26,3,2017,,,,,,,,
10,Vienitiane,0,26,3,2017,,,,,,,,
11,Borlikhamxay,0,26,3,2017,,,,,,,,
12,Khammouane,730,26,3,2017,,,,,,,,
13,Savannakhet,0,26,3,2017,,,,,,,,
18,Xaisomboun,140,26,3,2017,,,,,,,,
14,Saravan,5500,26,3,2017,,,,,,,,
15,Xekong,495,26,3,2017,,,,,,,,
16,Champassak,0,26,3,2017,,,,,,,,
17,Attapue,0,26,3,2017,,,,,,,,
2,Phongsaly,180,27,3,2017,,,,,,,,
3,Louangnamtha,105,27,3,2017,,,,,,,,
4,Oudomxai,675,27,3,2017,,,,,,,,
5,Bokeo,0,27,3,2017,,,,,,,,
6,Louangprabang,4010,27,3,2017,,,,,,,,
7,Houaphan,0,27,3,2017,,,,,,,,
8,Xayaboury,0,27,3,2017,,,,,,,,
1,Vientiane Capital,895,27,3,2017,,,,,,,,
9,Xiengkhouang,0,27,3,2017,,,,,,,,
10,Vienitiane,0,27,3,2017,,,,,,,,
11,Borlikhamxay,0,27,3,2017,,,,,,,,
12,Khammouane,0,27,3,2017,,,,,,,,
13,Savannakhet,0,27,3,2017,,,,,,,,
18,Xaisomboun,30,27,3,2017,,,,,,,,
14,Saravan,0,27,3,2017,,,,,,,,
15,Xekong,0,27,3,2017,,,,,,,,
16,Champassak,0,27,3,2017,,,,,,,,
17,Attapue,0,27,3,2017,,,,,,,,
2,Phongsaly,7812,28,1,2017,,,,,,,,
3,Louangnamtha,9590,28,1,2017,,,,,,,,
4,Oudomxai,15290,28,1,2017,,,,,,,,
5,Bokeo,14632,28,1,2017,,,,,,,,
6,Louangprabang,13496,28,1,2017,,,,,,,,
7,Houaphan,12580,28,1,2017,,,,,,,,
8,Xayaboury,34321,28,1,2017,,,,,,,,
1,Vientiane Capital,52395,28,1,2017,,,,,,,,
9,Xiengkhouang,19675,28,1,2017,,,,,,,,
10,Vientiane,54081,28,1,2017,,,,,,,,
11,Borlikhamxay,36315,28,1,2017,,,,,,,,
12,Khammouane,81502,28,1,2017,,,,,,,,
13,Savannakhet,204500,28,1,2017,,,,,,,,
18,Xaisomboun,6910,28,1,2017,,,,,,,,
14,Saravan,81762,28,1,2017,,,,,,,,
15,Xekong,9885,28,1,2017,,,,,,,,
16,Champasack,110519,28,1,2017,,,,,,,,
17,Attapue,22540,28,1,2017,,,,,,,,
2,Phongsaly,5,29,1,2017,,,,,,,,
3,Louangnamtha,282,29,1,2017,,,,,,,,
4,Oudomxai,186,29,1,2017,,,,,,,,
5,Bokeo,2360,29,1,2017,,,,,,,,
6,Louangprabang,1369,29,1,2017,,,,,,,,
7,Houaphan,1670,29,1,2017,,,,,,,,
8,Xayaboury,2132,29,1,2017,,,,,,,,
1,Vientiane Capital,15145,29,1,2017,,,,,,,,
9,Xiengkhouang,0,29,1,2017,,,,,,,,
10,Vientiane,8063,29,1,2017,,,,,,,,
11,Borlikhamxay,1623,29,1,2017,,,,,,,,
12,Khammouane,7750,29,1,2017,,,,,,,,
13,Savannakhet,26995,29,1,2017,,,,,,,,
18,Xaisomboun,48,29,1,2017,,,,,,,,
14,Saravan,11800,29,1,2017,,,,,,,,
15,Xekong,830,29,1,2017,,,,,,,,
16,Champasack,9345,29,1,2017,,,,,,,,
17,Attapue,517,29,1,2017,,,,,,,,
2,Phongsaly,12502,30,1,2017,,,,,,,,
3,Louangnamtha,6434,30,1,2017,,,,,,,,
4,Oudomxai,15826,30,1,2017,,,,,,,,
5,Bokeo,7209,30,1,2017,,,,,,,,
6,Louangprabang,24635,30,1,2017,,,,,,,,
7,Houaphan,14469,30,1,2017,,,,,,,,
8,Xayaboury,11101,30,1,2017,,,,,,,,
1,Vientiane Capital,0,30,1,2017,,,,,,,,
9,Xiengkhouang,7620,30,1,2017,,,,,,,,
10,Vientiane,0,30,1,2017,,,,,,,,
11,Borlikhamxay,2263,30,1,2017,,,,,,,,
12,Khammouane,485,30,1,2017,,,,,,,,
13,Savannakhet,0,30,1,2017,,,,,,,,
18,Xaisomboun,3346,30,1,2017,,,,,,,,
14,Saravan,0,30,1,2017,,,,,,,,
15,Xekong,2094,30,1,2017,,,,,,,,
16,Champasack,0,30,1,2017,,,,,,,,
17,Attapue,1686,30,1,2017,,,,,,,,
2,Phongsaly,7704,28,2,2017,,,,,,,,
3,Louangnamtha,8880,28,2,2017,,,,,,,,
4,Oudomxai,15290,28,2,2017,,,,,,,,
5,Bokeo,14632,28,2,2017,,,,,,,,
6,Louangprabang,13393,28,2,2017,,,,,,,,
7,Houaphan,12580,28,2,2017,,,,,,,,
8,Xayaboury,34321,28,2,2017,,,,,,,,
1,Vientiane Capital,52265,28,2,2017,,,,,,,,
9,Xiengkhouang,19665,28,2,2017,,,,,,,,
10,Vientiane,53789,28,2,2017,,,,,,,,
11,Borlikhamxay,35857,28,2,2017,,,,,,,,
12,Khammouane,75319,28,2,2017,,,,,,,,
13,Savannakhet,190497,28,2,2017,,,,,,,,
18,Xaisomboun,6878,28,2,2017,,,,,,,,
14,Saravan,77822,28,2,2017,,,,,,,,
15,Xekong,9885,28,2,2017,,,,,,,,
16,Champasack,105984,28,2,2017,,,,,,,,
17,Attapue,22540,28,2,2017,,,,,,,,
2,Phongsaly,5,29,2,2017,,,,,,,,
3,Louangnamtha,282,29,2,2017,,,,,,,,
4,Oudomxai,186,29,2,2017,,,,,,,,
5,Bokeo,2360,29,2,2017,,,,,,,,
6,Louangprabang,1369,29,2,2017,,,,,,,,
7,Houaphan,1670,29,2,2017,,,,,,,,
8,Xayaboury,2132,29,2,2017,,,,,,,,
1,Vientiane Capital,15135,29,2,2017,,,,,,,,
9,Xiengkhouang,0,29,2,2017,,,,,,,,
10,Vientiane,8063,29,2,2017,,,,,,,,
11,Borlikhamxay,1623,29,2,2017,,,,,,,,
12,Khammouane,7750,29,2,2017,,,,,,,,
13,Savannakhet,26995,29,2,2017,,,,,,,,
18,Xaisomboun,48,29,2,2017,,,,,,,,
14,Saravan,11800,29,2,2017,,,,,,,,
15,Xekong,830,29,2,2017,,,,,,,,
16,Champasack,9345,29,2,2017,,,,,,,,
17,Attapue,442,29,2,2017,,,,,,,,
2,Phongsaly,11848,30,2,2017,,,,,,,,
3,Louangnamtha,6434,30,2,2017,,,,,,,,
4,Oudomxai,15826,30,2,2017,,,,,,,,
5,Bokeo,7209,30,2,2017,,,,,,,,
6,Louangprabang,24635,30,2,2017,,,,,,,,
7,Houaphan,14469,30,2,2017,,,,,,,,
8,Xayaboury,11101,30,2,2017,,,,,,,,
1,Vientiane Capital,0,30,2,2017,,,,,,,,
9,Xiengkhouang,7620,30,2,2017,,,,,,,,
10,Vientiane,0,30,2,2017,,,,,,,,
11,Borlikhamxay,2263,30,2,2017,,,,,,,,
12,Khammouane,485,30,2,2017,,,,,,,,
13,Savannakhet,0,30,2,2017,,,,,,,,
18,Xaisomboun,3130,30,2,2017,,,,,,,,
14,Saravan,0,30,2,2017,,,,,,,,
15,Xekong,2094,30,2,2017,,,,,,,,
16,Champasack,0,30,2,2017,,,,,,,,
17,Attapue,1686,30,2,2017,,,,,,,,
2,Phongsaly,37421,28,3,2017,,,,,,,,
3,Louangnamtha,38315,28,3,2017,,,,,,,,
4,Oudomxai,70950,28,3,2017,,,,,,,,
5,Bokeo,71550,28,3,2017,,,,,,,,
6,Louangprabang,65090,28,3,2017,,,,,,,,
7,Houaphan,61520,28,3,2017,,,,,,,,
8,Xayaboury,165800,28,3,2017,,,,,,,,
1,Vientiane Capital,236550,28,3,2017,,,,,,,,
9,Xiengkhouang,87415,28,3,2017,,,,,,,,
10,Vientiane,257000,28,3,2017,,,,,,,,
11,Borlikhamxay,148515,28,3,2017,,,,,,,,
12,Khammouane,334870,28,3,2017,,,,,,,,
13,Savannakhet,846375,28,3,2017,,,,,,,,
18,Xaisomboun,25205,28,3,2017,,,,,,,,
14,Saravan,311289,28,3,2017,,,,,,,,
15,Xekong,44715,28,3,2017,,,,,,,,
16,Champasack,475970,28,3,2017,,,,,,,,
17,Attapue,69280,28,3,2017,,,,,,,,
2,Phongsaly,22,29,3,2017,,,,,,,,
3,Louangnamtha,1290,29,3,2017,,,,,,,,
4,Oudomxai,870,29,3,2017,,,,,,,,
5,Bokeo,11470,29,3,2017,,,,,,,,
6,Louangprabang,6545,29,3,2017,,,,,,,,
7,Houaphan,7385,29,3,2017,,,,,,,,
8,Xayaboury,10365,29,3,2017,,,,,,,,
1,Vientiane Capital,77200,29,3,2017,,,,,,,,
9,Xiengkhouang,0,29,3,2017,,,,,,,,
10,Vientiane,40250,29,3,2017,,,,,,,,
11,Borlikhamxay,7950,29,3,2017,,,,,,,,
12,Khammouane,42650,29,3,2017,,,,,,,,
13,Savannakhet,148023,29,3,2017,,,,,,,,
18,Xaisomboun,190,29,3,2017,,,,,,,,
14,Saravan,62350,29,3,2017,,,,,,,,
15,Xekong,4200,29,3,2017,,,,,,,,
16,Champasack,51250,29,3,2017,,,,,,,,
17,Attapue,2245,29,3,2017,,,,,,,,
2,Phongsaly,22964,30,3,2017,,,,,,,,
3,Louangnamtha,12208,30,3,2017,,,,,,,,
4,Oudomxai,29236,30,3,2017,,,,,,,,
5,Bokeo,13773,30,3,2017,,,,,,,,
6,Louangprabang,40076,30,3,2017,,,,,,,,
7,Houaphan,42336,30,3,2017,,,,,,,,
8,Xayaboury,23080,30,3,2017,,,,,,,,
1,Vientiane Capital,0,30,3,2017,,,,,,,,
9,Xiengkhouang,15630,30,3,2017,,,,,,,,
10,Vientiane,0,30,3,2017,,,,,,,,
11,Borlikhamxay,4494,30,3,2017,,,,,,,,
12,Khammouane,970,30,3,2017,,,,,,,,
13,Savannakhet,0,30,3,2017,,,,,,,,
18,Xaisomboun,6285,30,3,2017,,,,,,,,
14,Saravan,0,30,3,2017,,,,,,,,
15,Xekong,3794,30,3,2017,,,,,,,,
16,Champasack,0,30,3,2017,,,,,,,,
17,Attapue,2850,30,3,2017,,,,,,,,
